payment_id,sale_id,payment_method,payment_amount,payment_timestamp,confirmation_code
1,1,debit_card,51.72,2025-04-19 18:10:00,Yjic0515sESi
2,2,credit_card,67.16,2025-04-26 15:22:00,fbqn7790jJUM
3,3,cash,13.2,2025-11-29 16:12:00,
4,4,credit_card,32.26,2025-11-15 11:39:00,pthd8614pAOY
5,5,cash,25.94,2025-08-25 09:51:00,
6,6,debit_card,29.39,2025-07-25 16:00:00,FMIb9711OGKp
7,7,credit_card,27.39,2025-04-27 16:46:00,NwpK2460AlQQ
8,8,credit_card,27.48,2025-06-17 16:02:00,HIGY1851GJby
9,9,credit_card,17.68,2025-09-06 14:07:00,qVbw7065Yewp
10,10,credit_card,30.92,2025-06-15 13:31:00,cwIv1952PlXR
11,11,cash,21.48,2025-07-02 20:08:00,
12,12,debit_card,52.74,2025-09-26 13:59:00,eTXD7722csmc
13,13,credit_card,46.8,2025-06-29 18:51:00,GzIE3054qcWP
14,14,credit_card,75.44,2025-08-30 19:22:00,Pvrh3450ZxBz
15,15,debit_card,27.03,2025-11-22 17:46:00,FSFx7652ZHrZ
16,16,credit_card,26.37,2025-09-29 18:16:00,MlIs1616ugfu
17,17,credit_card,20.82,2025-11-01 11:39:00,TBkS4479CwCc
18,18,credit_card,45.39,2025-05-11 08:16:00,OYde5964QOzx
19,19,debit_card,16.32,2025-01-11 16:32:00,MRYC8202ciep
20,20,debit_card,22.32,2025-12-04 19:54:00,cMjR5569CxxC
21,21,credit_card,34.36,2025-05-13 11:13:00,xzuP1928rphb
22,22,credit_card,41.37,2025-09-23 12:31:00,JhqX2786qTCn
23,23,credit_card,37.9,2025-04-24 14:28:00,hieC9473lTCf
24,24,credit_card,26.1,2025-07-29 13:05:00,Istk5518TTSO
25,25,debit_card,29.81,2025-12-08 17:31:00,hmYi2583pYFb
26,26,cash,31.52,2025-09-27 08:25:00,
27,27,debit_card,35.61,2025-10-10 16:23:00,DZJi5895Nfet
28,28,debit_card,42.95,2025-11-20 12:02:00,XAKe6786iuPe
29,29,credit_card,77.97,2025-12-07 17:38:00,iXJO7785LlXi
30,30,credit_card,20.95,2025-08-27 17:24:00,Hjtk6801kuTo
31,31,credit_card,12.22,2025-11-23 10:45:00,qmOJ5841riOt
32,32,cash,22.17,2025-12-13 16:08:00,
33,33,debit_card,38.71,2025-08-03 20:00:00,PkLL9818jkQN
34,34,credit_card,18.15,2025-08-17 10:31:00,bfcP9590XKqP
35,35,credit_card,20.9,2025-09-23 19:07:00,ObFO3969IsPt
36,36,credit_card,82.65,2025-07-22 20:30:00,DeSd7364kCAE
37,37,credit_card,29.51,2025-06-10 18:38:00,juTu7359Uwzi
38,38,credit_card,39.76,2025-12-20 10:52:00,upDh5881rCpj
39,39,debit_card,33.03,2025-07-31 10:32:00,NApk1046uKUu
40,40,credit_card,20.98,2025-03-21 19:52:00,DFtF3278bfzG
41,41,debit_card,38.52,2025-06-10 14:08:00,wdds7339FMPR
42,42,credit_card,68.61,2025-03-29 17:26:00,gBiq7480UxWz
43,43,credit_card,16.4,2025-04-28 19:37:00,KJmx5060Jsey
44,44,credit_card,37.0,2025-11-29 20:44:00,NRNh8784igzx
45,45,credit_card,16.23,2025-10-21 20:02:00,mMGz5852Gccc
46,46,credit_card,18.92,2025-04-09 14:14:00,DjMG2578iuNu
47,47,credit_card,26.26,2025-10-05 20:07:00,LvGG2694IFTK
48,48,credit_card,20.09,2025-10-18 17:23:00,vRhA4705LtYU
49,49,credit_card,45.62,2025-12-24 17:08:00,PYXL0974KoUd
50,50,credit_card,20.91,2025-01-18 09:21:00,OUNX9728yjRp
51,51,debit_card,16.22,2025-12-05 12:49:00,bCuA0913jASn
52,52,cash,54.99,2025-06-02 17:31:00,
53,53,credit_card,17.76,2025-10-14 18:28:00,VUdT6897iHnJ
54,54,cash,56.07,2025-08-19 19:14:00,
55,55,credit_card,10.84,2025-01-04 15:37:00,ulDI5786vIwR
56,56,credit_card,36.41,2025-10-27 19:31:00,prJt4973otXs
57,57,cash,111.47,2025-01-18 14:39:00,
58,58,debit_card,8.08,2025-09-08 17:45:00,wJYU3757rshK
59,59,debit_card,48.57,2025-07-17 19:20:00,XZjs8665csTf
60,60,credit_card,31.39,2025-08-17 19:25:00,nmIr5747JSri
61,61,debit_card,26.17,2025-11-14 17:14:00,pdQH1993oOod
62,62,credit_card,15.88,2025-07-27 11:03:00,gRXi1657aJkA
63,63,credit_card,35.89,2025-11-12 17:19:00,usPd7734XfPK
64,64,credit_card,66.55,2025-05-25 19:31:00,Alcz3802YFlV
65,65,cash,15.94,2025-05-24 15:34:00,
66,66,debit_card,32.05,2025-04-26 17:02:00,KMgv4004sDPI
67,67,debit_card,35.75,2025-08-20 18:57:00,DrmZ8728hvkU
68,68,debit_card,52.91,2025-10-04 18:57:00,VvYs7420KRWm
69,69,credit_card,18.53,2025-10-12 15:26:00,Gufz2966Qgli
70,70,credit_card,18.82,2025-12-30 12:52:00,qypC7530Wrvt
71,71,debit_card,14.19,2025-06-23 20:22:00,PxSp9904dQhD
72,72,credit_card,40.63,2025-04-20 13:02:00,TXtS4268hOsx
73,73,credit_card,32.28,2025-08-02 13:31:00,EjDV9332MxAS
74,74,credit_card,28.62,2025-01-15 14:38:00,WpRW8783MYfH
75,75,credit_card,48.62,2025-08-23 17:52:00,KhdJ7851GmKI
76,76,cash,34.94,2025-08-20 16:16:00,
77,77,cash,15.93,2025-01-16 18:23:00,
78,78,debit_card,41.84,2025-09-27 09:45:00,ChRn2258TLFf
79,79,credit_card,86.72,2025-12-08 16:32:00,iGAD8707KdJD
80,80,debit_card,27.12,2025-07-18 12:04:00,aVnL4064ecBw
81,81,credit_card,40.73,2025-12-05 12:00:00,EcsA1801lXiX
82,82,credit_card,41.95,2025-08-17 21:02:00,yyfR6567QIiP
83,83,credit_card,27.52,2025-08-10 10:53:00,zHiU5128oaWb
84,84,cash,42.32,2025-07-13 12:45:00,
85,85,credit_card,33.12,2025-07-23 20:32:00,Iyop4786Dwjr
86,86,credit_card,18.69,2025-10-30 18:39:00,NXbp3106negM
87,87,credit_card,54.98,2025-07-22 15:22:00,pVcz0790CoIn
88,88,credit_card,29.44,2025-10-15 14:28:00,oUKu0284KMXR
89,89,cash,21.79,2025-12-06 14:41:00,
90,90,cash,32.17,2025-10-22 13:01:00,
91,91,debit_card,34.75,2025-10-21 15:21:00,QHoA5342trdJ
92,92,cash,15.04,2025-02-02 15:32:00,
93,93,credit_card,13.91,2025-11-08 19:12:00,FdwP9268QyYH
94,94,debit_card,20.47,2025-04-10 16:08:00,tylW5662IEpo
95,95,debit_card,38.43,2025-12-06 08:58:00,JAAJ4270Hiyp
96,96,credit_card,75.2,2025-06-15 11:22:00,CxfI4351Umdr
97,97,credit_card,43.54,2025-12-17 17:49:00,emZW6990LUQJ
98,98,credit_card,28.85,2025-12-24 19:51:00,tanm3735VhVW
99,99,debit_card,17.84,2025-03-05 12:06:00,zpJu7393XsyD
100,100,debit_card,42.78,2025-01-04 17:13:00,xGFD8544gZUE
101,101,credit_card,53.15,2025-08-15 20:36:00,AcKo5355Vjbq
102,102,credit_card,14.23,2025-07-23 16:22:00,sjmv8996oyKp
103,103,cash,19.65,2025-10-14 20:27:00,
104,104,debit_card,38.0,2025-08-10 17:20:00,WFUP7854VFDk
105,105,credit_card,19.88,2025-04-06 11:39:00,FlIP5228dHce
106,106,cash,26.05,2025-12-15 17:03:00,
107,107,debit_card,35.28,2025-04-20 19:23:00,OoeT0062janG
108,108,cash,31.49,2025-12-14 17:58:00,
109,109,debit_card,22.3,2025-09-21 19:55:00,OQNE7509QFba
110,110,debit_card,38.86,2025-04-16 17:47:00,bHUr8860IsbG
111,111,debit_card,24.88,2025-11-17 13:44:00,Hjpm6211NHqw
112,112,debit_card,15.47,2025-10-20 13:06:00,zDKp4615SotR
113,113,cash,19.15,2025-11-30 13:43:00,
114,114,debit_card,19.45,2025-06-15 17:43:00,yyJE1016dOaS
115,115,credit_card,32.09,2025-06-26 16:40:00,PYvK2176gHco
116,116,debit_card,35.28,2025-12-24 19:27:00,ceRr3974IKQc
117,117,debit_card,47.4,2025-07-28 12:40:00,LjWT2503zetk
118,118,credit_card,44.6,2025-10-02 16:57:00,RIvy9396WViY
119,119,cash,41.22,2025-07-01 18:07:00,
120,120,credit_card,18.61,2025-12-21 19:30:00,gBoe1850vMXN
121,121,credit_card,13.38,2025-09-06 11:46:00,OrYC9650FowJ
122,122,debit_card,73.8,2025-03-02 19:38:00,QyfX6629NsZp
123,123,credit_card,23.06,2025-04-10 13:04:00,yTYO1142jVyu
124,124,cash,28.74,2025-05-11 17:16:00,
125,125,credit_card,41.72,2025-08-22 18:26:00,tCxW5110rgif
126,126,credit_card,37.86,2025-11-23 16:39:00,JGAg2678bfwJ
127,127,credit_card,32.89,2025-05-15 16:54:00,yasA1995yXfU
128,128,cash,16.36,2025-10-22 13:35:00,
129,129,debit_card,27.34,2025-07-20 20:55:00,kRyk8398irtr
130,130,debit_card,25.67,2025-06-28 11:00:00,BrAt7212EYex
131,131,debit_card,45.37,2025-01-08 20:10:00,NmDg4379itaz
132,132,credit_card,119.0,2025-01-10 17:42:00,CvBP5965Mitu
133,133,debit_card,22.56,2025-11-05 19:04:00,lzus9375VSOF
134,134,credit_card,78.43,2025-09-25 19:00:00,rYzx9356hKmL
135,135,debit_card,43.02,2025-10-03 18:27:00,UDTn8280CZsS
136,136,debit_card,22.89,2025-01-25 13:32:00,Otpq1672QjTB
137,137,debit_card,76.33,2025-06-19 12:32:00,ELzI6179GSAI
138,138,cash,36.21,2025-01-07 16:28:00,
139,139,credit_card,36.76,2025-12-25 14:41:00,OfgX0589pQQw
140,140,cash,44.56,2025-02-24 17:40:00,
141,141,debit_card,45.87,2025-02-23 17:05:00,PRPz2909WvYB
142,142,credit_card,23.01,2025-06-18 13:41:00,oGVH1014JLSK
143,143,debit_card,23.3,2025-01-17 18:34:00,DXRL3756SGjw
144,144,debit_card,31.52,2025-12-21 12:59:00,AfhU0714jwtv
145,145,debit_card,19.0,2025-09-20 14:36:00,wEgC7387USCu
146,146,debit_card,35.0,2025-05-25 15:58:00,bvPg1401RZkV
147,147,credit_card,23.92,2025-03-17 18:27:00,kvJB3828DoZz
148,148,debit_card,54.66,2025-02-15 20:21:00,bVNm2266CLBy
149,149,credit_card,17.17,2025-07-20 17:34:00,WTZY0334eKgZ
150,150,credit_card,34.49,2025-08-17 12:33:00,mDhq8255QFHO
151,151,cash,38.75,2025-08-17 13:47:00,
152,152,credit_card,56.8,2025-09-17 16:10:00,zLhw5969wDNl
153,153,credit_card,41.42,2025-08-27 19:21:00,Riuh4991pthl
154,154,cash,28.68,2025-12-12 17:37:00,
155,155,cash,31.72,2025-09-09 10:17:00,
156,156,cash,37.92,2025-03-02 16:40:00,
157,157,debit_card,31.03,2025-10-30 19:50:00,AMiK5286yBlF
158,158,credit_card,16.0,2025-03-23 20:20:00,Fsil8282uCNd
159,159,debit_card,15.61,2025-12-23 11:43:00,myJG5072PFAR
160,160,credit_card,41.67,2025-05-04 18:25:00,kfKb7677YWos
161,161,credit_card,16.8,2025-07-15 16:13:00,skXD0438KVXX
162,162,debit_card,35.71,2025-12-06 18:29:00,KhrX7881IxIW
163,163,credit_card,24.13,2025-10-25 18:04:00,BgVP0783Wptc
164,164,credit_card,51.4,2025-12-10 18:58:00,ChXZ7451pnZV
165,165,credit_card,41.77,2025-12-23 14:30:00,kNiY9596nnZd
166,166,cash,33.28,2025-03-26 17:35:00,
167,167,debit_card,27.6,2025-10-25 09:17:00,MIku9584TssK
168,168,cash,42.48,2025-12-26 19:40:00,
169,169,credit_card,9.94,2025-08-23 15:51:00,WYAd4812rPiS
170,170,debit_card,27.47,2025-05-19 17:58:00,pWRz2325FjKO
171,171,credit_card,20.81,2025-07-17 19:22:00,eOYX4667fzGV
172,172,credit_card,44.14,2025-07-24 20:55:00,uLaX4577UfUD
173,173,credit_card,10.89,2025-12-10 19:35:00,nBnF5186rusv
174,174,credit_card,86.79,2025-09-06 15:10:00,FYvR8929Wdcg
175,175,debit_card,70.26,2025-05-03 15:11:00,CDaB7012mSiP
176,176,credit_card,22.84,2025-11-27 20:31:00,Pxqf4241xQPk
177,177,credit_card,60.89,2025-10-18 17:48:00,BPfT0643ganE
178,178,debit_card,46.28,2025-04-30 17:43:00,HRCa1293aSvh
179,179,credit_card,13.65,2025-02-14 18:49:00,oyfU6271Zggu
180,180,debit_card,32.85,2025-05-16 09:19:00,XWiP5426RjeH
181,181,debit_card,12.5,2025-04-29 12:17:00,CwUn9092OVjA
182,182,credit_card,50.09,2025-06-21 16:28:00,giWh9731LUyw
183,183,credit_card,81.63,2025-11-09 11:27:00,rPfp6523JMMU
184,184,credit_card,19.83,2025-08-02 20:15:00,nHMG9404mVzs
185,185,credit_card,23.55,2025-12-23 16:05:00,hpFO0376MeHa
186,186,credit_card,11.29,2025-04-01 12:30:00,KAxI5526RlWE
187,187,credit_card,18.97,2025-08-09 14:44:00,aqnc1091dYzG
188,188,cash,30.05,2025-05-16 19:13:00,
189,189,cash,53.32,2025-08-29 15:38:00,
190,190,cash,17.35,2025-08-07 15:49:00,
191,191,credit_card,33.72,2025-05-17 17:51:00,SzfO4866IINj
192,192,debit_card,84.87,2025-12-21 10:39:00,GnZj4141IuzL
193,193,cash,30.63,2025-07-12 19:15:00,
194,194,debit_card,62.25,2025-10-18 11:19:00,dpfB1463hDNM
195,195,debit_card,44.64,2025-07-27 14:12:00,aTiS0421akFw
196,196,debit_card,13.65,2025-08-28 10:12:00,xiVX8842rUhX
197,197,credit_card,36.18,2025-11-27 14:43:00,HeqT0564KOeF
198,198,credit_card,16.14,2025-04-02 15:24:00,FKkx7850kqXg
199,199,credit_card,19.49,2025-10-12 11:53:00,acap9138cExy
200,200,cash,38.75,2025-12-04 17:04:00,
201,201,cash,12.18,2025-08-16 18:48:00,
202,202,cash,62.42,2025-02-13 12:06:00,
203,203,cash,29.85,2025-09-02 15:17:00,
204,204,credit_card,17.2,2025-09-20 11:23:00,ZTVP2208Aoup
205,205,cash,15.36,2025-05-07 19:11:00,
206,206,credit_card,43.34,2025-08-03 14:29:00,KxhG6541Rdlo
207,207,credit_card,61.61,2025-07-02 13:24:00,DsXt8061ufJD
208,208,credit_card,26.73,2025-10-22 19:52:00,KYtV0534NpDx
209,209,debit_card,19.18,2025-06-08 18:11:00,WYpj9738aAbo
210,210,cash,17.82,2025-12-17 18:29:00,
211,211,cash,31.76,2025-04-17 11:18:00,
212,212,credit_card,41.05,2025-09-14 18:26:00,aWQy8505VUtg
213,213,credit_card,37.33,2025-05-03 17:47:00,FdjT3836rfco
214,214,credit_card,63.87,2025-03-19 16:58:00,VfLg8657GiOz
215,215,credit_card,32.91,2025-12-24 18:36:00,BQip1990squZ
216,216,debit_card,52.59,2025-02-13 14:26:00,roem6557iXXL
217,217,credit_card,44.42,2025-10-03 14:14:00,CDuA1212hIwX
218,218,debit_card,31.97,2025-08-19 17:08:00,qhfk3747ZRtT
219,219,debit_card,14.88,2025-10-19 20:24:00,jfTp9035wzGd
220,220,debit_card,37.89,2025-06-08 20:32:00,zCJV4420JpgD
221,221,debit_card,25.84,2025-09-22 19:04:00,dXoi1210mzxR
222,222,credit_card,12.66,2025-10-07 13:08:00,ebem1994PCZi
223,223,debit_card,60.81,2025-01-07 13:37:00,DdkK1510BUzF
224,224,credit_card,44.78,2025-08-17 16:23:00,wnlr0662rCjc
225,225,credit_card,22.54,2025-06-16 15:34:00,PsFA9993JEdf
226,226,cash,17.67,2025-10-11 12:40:00,
227,227,debit_card,24.93,2025-12-28 10:23:00,mPZH4626pOZI
228,228,debit_card,19.91,2025-10-09 15:39:00,IYFw0657KGuy
229,229,credit_card,21.08,2025-06-20 20:17:00,MobZ4205XrdZ
230,230,credit_card,32.43,2025-07-27 14:06:00,okgp7859QprI
231,231,credit_card,15.06,2025-04-01 10:36:00,wllp0396LuZV
232,232,debit_card,38.14,2025-10-12 15:42:00,KKjK5905mZFI
233,233,debit_card,29.78,2025-12-26 18:56:00,fdoM4270obHE
234,234,credit_card,16.22,2025-10-14 14:02:00,ZivT0593lZud
235,235,debit_card,15.05,2025-09-15 08:43:00,XhHx0292exTQ
236,236,debit_card,15.9,2025-12-05 14:41:00,tuik6915UBYO
237,237,credit_card,57.07,2025-03-27 17:02:00,SNYw7528oQLl
238,238,cash,35.46,2025-04-05 17:48:00,
239,239,cash,66.81,2025-11-12 14:24:00,
240,240,debit_card,50.72,2025-06-14 15:07:00,lUaS6442KzXK
241,241,debit_card,43.04,2025-08-10 15:29:00,ZNoO0295KgFj
242,242,credit_card,7.73,2025-02-24 17:30:00,ukOf5135TQOU
243,243,credit_card,40.39,2025-04-28 18:55:00,npSe5704wqYg
244,244,credit_card,30.64,2025-10-24 20:07:00,UAkA0067FywI
245,245,credit_card,12.96,2025-09-23 20:33:00,PWRo6179kCeZ
246,246,credit_card,16.93,2025-07-12 19:24:00,qgev0405kykU
247,247,debit_card,42.28,2025-12-12 17:57:00,MNET1815bBPk
248,248,credit_card,28.43,2025-11-05 18:09:00,gvnm9620ASJU
249,249,credit_card,16.52,2025-11-30 12:59:00,pgdz8444KJFj
250,250,credit_card,47.76,2025-11-02 18:46:00,fsQO0506MEmg
251,251,debit_card,29.05,2025-04-14 09:58:00,fEht0324YzEF
252,252,credit_card,42.03,2025-05-25 13:38:00,lxyx4186lCcq
253,253,credit_card,34.68,2025-08-17 15:09:00,rKdj7743WSQg
254,254,credit_card,15.08,2025-11-30 13:11:00,WLoJ1586dyHA
255,255,credit_card,31.89,2025-06-20 18:25:00,Etfz8793TcGK
256,256,debit_card,49.32,2025-12-03 20:36:00,hWCl8992knZm
257,257,credit_card,34.12,2025-11-22 16:57:00,RBmO2061jMqu
258,258,credit_card,43.51,2025-09-13 10:40:00,zJur1168HDaY
259,259,debit_card,21.38,2025-11-12 17:56:00,hAjj9986KLLW
260,260,cash,15.63,2025-11-21 18:23:00,
261,261,debit_card,54.91,2025-07-27 10:57:00,YsIw1191AqyP
262,262,credit_card,21.67,2025-12-04 20:19:00,clrz7997jNMR
263,263,credit_card,29.81,2025-08-05 20:47:00,SpdV6065Erxb
264,264,debit_card,34.56,2025-05-28 20:59:00,FSRg5444oitV
265,265,credit_card,15.11,2025-10-10 09:29:00,MPfm7546CnAV
266,266,cash,11.91,2025-11-26 09:14:00,
267,267,cash,26.01,2025-06-22 16:22:00,
268,268,cash,20.51,2025-09-16 19:38:00,
269,269,credit_card,20.51,2025-10-26 15:31:00,GYke7850tTGz
270,270,credit_card,39.08,2025-07-09 16:15:00,lmmd2890pcDd
271,271,cash,54.25,2025-09-12 16:01:00,
272,272,credit_card,33.71,2025-12-24 15:08:00,DGzO5345hRbp
273,273,credit_card,43.18,2025-09-24 17:16:00,lELJ5797wwkq
274,274,credit_card,20.54,2025-04-26 18:37:00,dkKX1406noPo
275,275,credit_card,34.22,2025-07-07 12:45:00,bXXR3468aEiP
276,276,credit_card,19.46,2025-12-20 20:16:00,qMZt2903TTPr
277,277,credit_card,46.35,2025-09-29 19:56:00,qnDt6657RHNz
278,278,debit_card,30.37,2025-08-10 15:27:00,QxJP9108MMst
279,279,credit_card,35.91,2025-11-01 20:52:00,rOur1715qPTP
280,280,credit_card,27.21,2025-06-06 18:51:00,WpdZ4328ZZMz
281,281,credit_card,29.27,2025-08-03 18:29:00,sqAz5207yVcL
282,282,debit_card,41.57,2025-07-21 12:31:00,RIOY9353EQwG
283,283,credit_card,20.1,2025-12-24 18:15:00,sgEi4282VqUZ
284,284,debit_card,65.3,2025-08-16 14:25:00,owoV8251tAYv
285,285,cash,17.43,2025-04-27 15:21:00,
286,286,credit_card,27.09,2025-11-19 19:21:00,DhEd5494OLLN
287,287,credit_card,42.86,2025-09-11 15:38:00,hRyH1738tAdj
288,288,credit_card,17.98,2025-04-30 08:57:00,KDju2356TlXf
289,289,credit_card,19.76,2025-11-15 13:49:00,OdaC7525rnWX
290,290,credit_card,13.41,2025-08-05 15:16:00,YWXf2927iNBO
291,291,credit_card,10.99,2025-12-18 11:56:00,yacI6667mUxa
292,292,credit_card,32.25,2025-12-07 16:58:00,RaOU5830poSw
293,293,cash,38.36,2025-11-29 16:07:00,
294,294,cash,45.17,2025-11-27 16:39:00,
295,295,cash,42.35,2025-10-26 20:53:00,
296,296,credit_card,20.12,2025-06-19 19:05:00,GLtk4216ects
297,297,credit_card,28.12,2025-08-04 15:58:00,vBRi7898vFwW
298,298,credit_card,18.06,2025-08-03 08:02:00,ooUi3260nUbL
299,299,credit_card,19.79,2025-06-10 13:30:00,TPYc8215yOqX
300,300,debit_card,17.98,2025-06-03 19:11:00,dQgP8909bdSh
301,301,credit_card,35.55,2025-02-26 13:35:00,JqES6761jnSR
302,302,credit_card,36.23,2025-02-10 19:13:00,QHrN0461MSiA
303,303,cash,29.86,2025-06-08 13:49:00,
304,304,debit_card,36.45,2025-03-06 19:29:00,shYg1891FmMm
305,305,credit_card,34.05,2025-12-09 12:52:00,TAsk4835cJFn
306,306,credit_card,21.23,2025-11-03 10:07:00,aQfh7530KQFj
307,307,credit_card,61.94,2025-03-22 20:12:00,qPoD1811sqDd
308,308,credit_card,30.25,2025-02-06 16:01:00,xZRu1204BVhg
309,309,credit_card,24.87,2025-06-15 20:28:00,vwCN0022rUfx
310,310,cash,23.92,2025-11-03 12:56:00,
311,311,credit_card,22.26,2025-12-19 13:12:00,zDry5216SEZA
312,312,debit_card,26.88,2025-03-02 11:53:00,kgAL2120EZKR
313,313,credit_card,12.98,2025-10-04 13:12:00,XwNb7296RUiE
314,314,debit_card,37.22,2025-12-27 18:26:00,ceqP7167uaTR
315,315,credit_card,31.36,2025-07-22 12:01:00,QvHH8993SSNg
316,316,debit_card,50.78,2025-10-28 09:47:00,QRPy6375jJNd
317,317,credit_card,27.69,2025-12-20 09:11:00,FkeW0287Fupv
318,318,debit_card,26.34,2025-05-11 12:26:00,JPyz4083pfDC
319,319,debit_card,66.39,2025-10-12 11:30:00,CuhF9717VPbg
320,320,debit_card,26.52,2025-08-19 13:31:00,JafY6608MNOt
321,321,credit_card,42.76,2025-11-09 17:44:00,vxdo8837DvJX
322,322,credit_card,20.84,2025-02-08 15:17:00,TChg9975WQoa
323,323,cash,35.96,2025-03-12 17:34:00,
324,324,cash,27.59,2025-12-28 13:27:00,
325,325,credit_card,28.48,2025-03-09 18:40:00,HxSg5548ckFi
326,326,cash,32.54,2025-03-16 12:26:00,
327,327,credit_card,39.55,2025-08-03 16:29:00,mmhz6149nDYm
328,328,credit_card,43.9,2025-09-27 14:00:00,ORLh5160XCDQ
329,329,credit_card,36.04,2025-12-31 12:32:00,aHVd9827JBLE
330,330,cash,33.64,2025-10-10 14:41:00,
331,331,cash,12.72,2025-07-23 10:07:00,
332,332,credit_card,38.12,2025-05-02 19:13:00,Uigy8292QMMu
333,333,credit_card,13.84,2025-12-15 20:15:00,SWpr8669zvsC
334,334,cash,14.48,2025-07-16 17:53:00,
335,335,credit_card,22.75,2025-07-27 18:25:00,SVGt2269SJuT
336,336,credit_card,17.63,2025-09-13 17:53:00,NTsR8333wRiT
337,337,credit_card,14.74,2025-11-16 16:56:00,ThWw2885JELK
338,338,credit_card,20.64,2025-01-19 20:59:00,ZaHg6846byjd
339,339,cash,23.03,2025-05-11 18:16:00,
340,340,credit_card,28.68,2025-10-26 20:53:00,sRqj0342dSYs
341,341,credit_card,28.55,2025-12-24 20:52:00,CgNR3805VJoV
342,342,debit_card,29.44,2025-06-07 17:10:00,YYZS8638sSQd
343,343,debit_card,27.58,2025-07-25 18:14:00,JdaV6665qmNX
344,344,cash,70.99,2025-09-14 18:07:00,
345,345,cash,24.24,2025-09-21 12:32:00,
346,346,credit_card,33.53,2025-11-25 18:05:00,IVMm7359XUms
347,347,credit_card,23.32,2025-11-30 10:48:00,lVGh7212ycBr
348,348,credit_card,16.65,2025-07-16 10:58:00,Lqav8422DTjc
349,349,credit_card,23.24,2025-11-23 17:28:00,XONQ2590tFYK
350,350,debit_card,61.01,2025-02-11 19:00:00,HolH8515eYGk
351,351,cash,56.3,2025-07-10 15:05:00,
352,352,credit_card,14.34,2025-09-25 16:08:00,fwon6886Qvvx
353,353,credit_card,15.1,2025-12-06 16:55:00,EJWP4398ahQw
354,354,debit_card,48.0,2025-09-13 17:39:00,pcRu7399yYhy
355,355,debit_card,48.6,2025-12-22 12:55:00,HXxG4840ZGCF
356,356,debit_card,19.03,2025-10-10 14:39:00,Gfgk0435XIIa
357,357,credit_card,36.59,2025-07-08 15:44:00,gnIS1336VXBP
358,358,cash,25.67,2025-08-11 12:54:00,
359,359,credit_card,16.78,2025-06-21 19:20:00,Tvcf1207edlY
360,360,cash,23.28,2025-02-02 15:49:00,
361,361,debit_card,27.81,2025-08-10 18:50:00,oqAy4819COzB
362,362,credit_card,29.94,2025-12-08 19:55:00,IaPU5061NeWV
363,363,credit_card,19.07,2025-12-06 10:48:00,GgsY9015RtMf
364,364,credit_card,6.02,2025-04-20 18:48:00,QbEk4766IoiV
365,365,debit_card,34.56,2025-03-06 08:18:00,tRYU6842PxaJ
366,366,cash,19.51,2025-09-05 15:06:00,
367,367,cash,57.31,2025-08-12 19:22:00,
368,368,credit_card,16.6,2025-12-09 10:42:00,aKMz8210IJft
369,369,cash,35.42,2025-05-03 20:45:00,
370,370,credit_card,41.75,2025-07-06 12:42:00,PGjk3536loNq
371,371,credit_card,35.32,2025-07-28 13:54:00,dWJD3129PJes
372,372,cash,41.49,2025-08-03 20:28:00,
373,373,cash,38.41,2025-12-07 20:29:00,
374,374,credit_card,17.39,2025-12-03 20:20:00,ULFv1413wiQP
375,375,debit_card,30.45,2025-12-30 12:37:00,emuF3149CvNQ
376,376,debit_card,43.92,2025-10-30 17:54:00,KxZu4929Bkau
377,377,credit_card,59.36,2025-09-28 17:29:00,xiRU3364vEDC
378,378,credit_card,33.45,2025-12-31 08:58:00,glPM5478friI
379,379,cash,18.1,2025-04-27 14:38:00,
380,380,debit_card,17.47,2025-11-30 09:15:00,bGOb3411LLzX
381,381,credit_card,42.09,2025-07-04 18:09:00,qIIE9308PXjx
382,382,cash,16.43,2025-12-28 17:04:00,
383,383,credit_card,28.22,2025-07-17 11:35:00,iDGG6394fzxG
384,384,debit_card,28.06,2025-03-15 12:54:00,WGiC0392klKK
385,385,credit_card,44.25,2025-08-31 16:45:00,oWFo2750eqxo
386,386,debit_card,43.48,2025-09-13 15:06:00,yEDc0385cPug
387,387,credit_card,79.15,2025-03-09 15:14:00,IKly8449PyxL
388,388,credit_card,14.76,2025-12-28 17:04:00,oHzw1846wFYE
389,389,credit_card,27.84,2025-07-13 16:01:00,Ckoe9082GPrn
390,390,cash,28.56,2025-05-25 09:26:00,
391,391,debit_card,40.49,2025-12-25 12:08:00,MThQ2225oAZv
392,392,cash,30.2,2025-12-19 17:33:00,
393,393,debit_card,20.56,2025-11-02 10:02:00,nLkP1777Abpc
394,394,credit_card,13.39,2025-05-11 12:38:00,iOGc2992Kjdk
395,395,debit_card,45.91,2025-08-18 14:09:00,MKOb4286UUQs
396,396,debit_card,17.16,2025-04-27 12:51:00,EEko1379AMjY
397,397,cash,20.23,2025-05-24 19:06:00,
398,398,debit_card,13.11,2025-07-19 17:36:00,qkUR9298vDML
399,399,debit_card,19.79,2025-08-31 18:50:00,igbm1366HGRA
400,400,cash,57.85,2025-12-15 15:09:00,
401,401,credit_card,8.73,2025-07-01 14:34:00,ENMc2912YIGW
402,402,credit_card,23.64,2025-08-06 10:35:00,MIaX1172RPBH
403,403,debit_card,13.59,2025-04-28 09:24:00,BoZE6508YXyw
404,404,cash,31.18,2025-07-11 19:34:00,
405,405,credit_card,53.14,2025-10-06 18:59:00,iqEX9916ofsM
406,406,credit_card,31.51,2025-05-02 18:04:00,aTVY8643aKHh
407,407,credit_card,20.25,2025-08-09 18:58:00,SZuA8063xgjB
408,408,credit_card,15.23,2025-11-01 19:54:00,BKxN9448rRzW
409,409,credit_card,46.04,2025-12-07 15:58:00,ElxJ3688JEqt
410,410,debit_card,16.68,2025-11-09 18:16:00,QhVo9562CYSk
411,411,credit_card,37.61,2025-11-03 19:20:00,YvZJ1386NSRT
412,412,credit_card,26.75,2025-08-06 18:47:00,ZfjE0260MBfe
413,413,credit_card,57.45,2025-05-15 18:07:00,McUy4351zNPH
414,414,cash,25.18,2025-05-04 20:20:00,
415,415,debit_card,72.89,2025-04-27 17:37:00,OFCa4902mQZH
416,416,credit_card,48.45,2025-08-09 16:02:00,GHSo4309NkRc
417,417,cash,55.7,2025-08-05 18:30:00,
418,418,credit_card,32.4,2025-08-08 11:51:00,frXz5302wQzz
419,419,cash,22.43,2025-05-01 17:58:00,
420,420,credit_card,32.4,2025-12-20 14:12:00,VTef9380JsUJ
421,421,credit_card,40.65,2025-10-05 12:03:00,oMmD9554zKaq
422,422,debit_card,24.17,2025-07-14 12:21:00,JeGs2681vhZG
423,423,debit_card,53.93,2025-09-14 15:23:00,SCyK4894EXpW
424,424,debit_card,37.32,2025-12-02 18:50:00,bEhq5779eyOY
425,425,debit_card,55.91,2025-11-30 19:02:00,wHIa3356Sqps
426,426,credit_card,20.69,2025-07-25 18:40:00,JlEu1651wnKr
427,427,credit_card,10.84,2025-12-27 17:57:00,pVpq2373nomp
428,428,debit_card,18.28,2025-03-08 17:23:00,hfRQ9521FNaW
429,429,credit_card,29.52,2025-08-06 13:26:00,NuFK8075rFlW
430,430,credit_card,59.29,2025-08-23 12:30:00,WKid8463HZBE
431,431,debit_card,28.96,2025-09-28 14:15:00,zRXl8085DhSH
432,432,cash,17.39,2025-03-15 12:57:00,
433,433,credit_card,95.68,2025-11-21 18:32:00,RnyL7500guxN
434,434,debit_card,27.92,2025-09-01 13:04:00,prEN4284vxlF
435,435,cash,20.59,2025-05-08 19:29:00,
436,436,credit_card,26.48,2025-03-20 17:52:00,xzrC6365lKiK
437,437,credit_card,30.67,2025-06-01 18:55:00,JBym3143jZVj
438,438,credit_card,28.69,2025-11-05 16:45:00,FiOH7026IUuY
439,439,debit_card,28.24,2025-01-26 08:24:00,Kdzg7448Skdn
440,440,debit_card,54.53,2025-08-30 19:54:00,Vvqx4717xJJZ
441,441,credit_card,20.28,2025-08-23 13:32:00,hwRM4506mKKP
442,442,credit_card,30.88,2025-03-08 13:57:00,uRGF8245XVCf
443,443,credit_card,57.4,2025-08-02 11:11:00,OjkO6947ZvAO
444,444,credit_card,34.03,2025-08-29 18:43:00,fkvo9961uuPs
445,445,cash,43.71,2025-12-19 10:33:00,
446,446,credit_card,28.39,2025-01-08 18:38:00,CXxV4964LHCA
447,447,debit_card,28.43,2025-08-10 08:06:00,UpQq2202VSVf
448,448,credit_card,30.86,2025-07-14 12:00:00,geEJ3261dbXz
449,449,credit_card,52.37,2025-11-07 20:40:00,NjfP8114ytop
450,450,credit_card,76.58,2025-10-04 17:15:00,Hkbc4722QwuE
451,451,credit_card,18.6,2025-12-27 19:44:00,CiSI7848lLMD
452,452,cash,25.92,2025-04-26 15:43:00,
453,453,credit_card,19.83,2025-07-26 11:48:00,twEI9688oZfC
454,454,credit_card,46.41,2025-07-01 12:47:00,jtaa4564HWiw
455,455,credit_card,16.96,2025-05-27 16:26:00,SFWE4780taXB
456,456,cash,27.72,2025-05-16 14:06:00,
457,457,debit_card,25.58,2025-12-20 10:02:00,JxmA4930JBzp
458,458,cash,33.58,2025-12-02 10:51:00,
459,459,debit_card,8.55,2025-02-04 10:57:00,qfBO2663pHWZ
460,460,credit_card,33.02,2025-07-14 17:42:00,ZrAm9448elis
461,461,cash,15.93,2025-11-29 10:13:00,
462,462,debit_card,16.92,2025-12-18 08:14:00,rSNF1797mubj
463,463,credit_card,44.07,2025-02-01 13:39:00,gsri0802TCUa
464,464,credit_card,15.09,2025-08-16 18:35:00,FnvA3120tYZF
465,465,credit_card,38.89,2025-03-09 12:47:00,fWjd5705rXze
466,466,cash,20.95,2025-05-31 19:11:00,
467,467,debit_card,13.67,2025-11-11 13:19:00,qyah8723XTpy
468,468,credit_card,19.27,2025-11-19 16:48:00,DVXg7303HQnE
469,469,credit_card,18.79,2025-01-25 16:42:00,OUcV6452JHhq
470,470,cash,14.65,2025-08-05 17:02:00,
471,471,credit_card,13.65,2025-11-08 13:46:00,dQnh7435pOBu
472,472,credit_card,11.91,2025-10-12 10:49:00,hzYp0249acLY
473,473,debit_card,33.2,2025-09-10 13:38:00,Xfpk7925FfRN
474,474,cash,18.47,2025-09-16 16:01:00,
475,475,debit_card,31.3,2025-12-24 15:30:00,PjSI5005YgiF
476,476,credit_card,22.75,2025-10-04 14:50:00,ZCUm3585bSyw
477,477,cash,72.49,2025-12-28 17:10:00,
478,478,cash,29.22,2025-05-30 10:03:00,
479,479,debit_card,11.9,2025-03-14 19:14:00,TCJs2407ISFm
480,480,debit_card,46.44,2025-08-16 16:23:00,uUDr9285MJke
481,481,credit_card,70.26,2025-07-13 13:31:00,qIxD8274aXOG
482,482,cash,35.72,2025-09-19 08:45:00,
483,483,credit_card,26.14,2025-09-25 17:23:00,xXNp6209uUeQ
484,484,credit_card,55.53,2025-08-17 08:58:00,RFXJ8638jNsu
485,485,credit_card,34.94,2025-08-30 19:35:00,HQec6511ilcm
486,486,credit_card,35.23,2025-10-25 18:50:00,cKPy1731QFHN
487,487,credit_card,21.27,2025-12-26 12:36:00,oMTe9405anPF
488,488,cash,35.65,2025-01-22 16:05:00,
489,489,credit_card,25.55,2025-06-30 19:04:00,JVAx1705YTdN
490,490,credit_card,23.27,2025-10-21 18:18:00,tenH4801ggUo
491,491,debit_card,53.87,2025-01-01 14:33:00,HQpK8633OlJV
492,492,cash,43.42,2025-10-25 17:00:00,
493,493,debit_card,16.55,2025-05-12 18:34:00,wRDS8619QBgk
494,494,credit_card,18.98,2025-08-24 18:16:00,vQkI2868MCwu
495,495,credit_card,27.71,2025-04-22 09:50:00,WOBU8556uMpK
496,496,credit_card,27.18,2025-07-29 18:02:00,VqxC8368CzaU
497,497,credit_card,64.01,2025-04-14 18:01:00,Hita0490tonu
498,498,credit_card,96.9,2025-11-21 16:35:00,JKKj0488gcDw
499,499,cash,59.55,2025-06-13 13:23:00,
500,500,credit_card,27.27,2025-09-13 19:06:00,Lpoq2245ZtfK
501,501,credit_card,20.36,2025-07-27 10:25:00,UuYE6931lFSS
502,502,cash,11.15,2025-06-05 18:44:00,
503,503,credit_card,34.81,2025-11-11 16:48:00,cUZK9194yfXd
504,504,cash,17.59,2025-08-20 12:30:00,
505,505,cash,18.55,2025-03-24 12:23:00,
506,506,debit_card,45.38,2025-08-31 14:35:00,hXoV5566PMaO
507,507,credit_card,29.17,2025-03-17 09:38:00,cuIK6048juGS
508,508,credit_card,54.21,2025-10-06 19:17:00,CWMK3206GfoB
509,509,credit_card,49.11,2025-07-18 11:20:00,vfEK4622VdJz
510,510,credit_card,31.53,2025-09-14 17:52:00,BXSi4168WiEJ
511,511,credit_card,37.34,2025-03-23 09:15:00,mJNV3769Hppe
512,512,cash,33.56,2025-10-28 13:59:00,
513,513,debit_card,9.45,2025-07-02 15:35:00,fhQA4659Bxwm
514,514,credit_card,17.25,2025-01-05 19:32:00,Xtkw5590NZCN
515,515,credit_card,26.9,2025-09-14 13:49:00,mRxj2703WUfh
516,516,credit_card,14.23,2025-07-05 16:07:00,savS0392ZhtC
517,517,debit_card,17.7,2025-12-06 20:01:00,VInn7053IHWq
518,518,debit_card,25.63,2025-06-16 18:05:00,SSQb8792yLQH
519,519,debit_card,17.29,2025-09-04 20:05:00,smYS0420NrdD
520,520,credit_card,71.69,2025-09-02 13:31:00,QQxg0164bsPy
521,521,credit_card,33.86,2025-12-14 18:56:00,uFMI3681flmG
522,522,credit_card,39.05,2025-09-30 08:20:00,pHtv7800FzVk
523,523,credit_card,15.1,2025-09-21 16:14:00,OtpG0555rZdO
524,524,credit_card,16.11,2025-09-12 09:01:00,rojv4608zQif
525,525,credit_card,20.74,2025-04-21 09:46:00,ApKj6893BtMv
526,526,debit_card,82.63,2025-06-29 18:45:00,PiLI7823RZmi
527,527,credit_card,14.59,2025-01-15 17:38:00,XjPK4826kueJ
528,528,credit_card,20.08,2025-10-03 12:19:00,jUbW8125uAAt
529,529,cash,43.21,2025-08-17 15:49:00,
530,530,credit_card,37.25,2025-03-09 18:29:00,gilb7423WNNr
531,531,cash,18.17,2025-11-25 11:28:00,
532,532,credit_card,19.66,2025-06-20 18:01:00,MooR9993bwfS
533,533,debit_card,37.91,2025-07-02 18:59:00,ETPx7289lyFE
534,534,credit_card,42.9,2025-07-10 19:55:00,cAWa2233rAoV
535,535,cash,20.16,2025-07-27 19:57:00,
536,536,cash,34.52,2025-07-07 09:49:00,
537,537,credit_card,19.76,2025-09-23 15:02:00,CNFS3312uDpB
538,538,cash,31.35,2025-09-07 14:17:00,
539,539,credit_card,37.19,2025-08-12 19:46:00,UuzN6096VKMI
540,540,credit_card,62.02,2025-10-25 16:15:00,CDcp8081HIzV
541,541,credit_card,20.89,2025-07-01 12:01:00,WOdm0868sCzt
542,542,cash,20.48,2025-02-16 12:05:00,
543,543,debit_card,15.09,2025-12-18 15:21:00,sNdS4726HjDP
544,544,debit_card,39.78,2025-05-22 13:05:00,lXLS7181IizA
545,545,cash,28.06,2025-12-27 16:49:00,
546,546,cash,16.4,2025-02-20 18:04:00,
547,547,debit_card,86.97,2025-12-21 18:15:00,DLTm5702Dfqu
548,548,credit_card,29.08,2025-10-23 19:33:00,TCOx2111fHTy
549,549,cash,27.81,2025-04-27 18:39:00,
550,550,credit_card,20.16,2025-01-19 12:00:00,JycX8926kvKQ
551,551,credit_card,43.02,2025-02-09 12:17:00,XTdA2222ttUX
552,552,debit_card,15.14,2025-10-18 16:57:00,imaN7421WqaD
553,553,credit_card,50.21,2025-04-20 13:30:00,MFpn7780LQED
554,554,cash,14.2,2025-01-17 18:51:00,
555,555,cash,15.46,2025-05-04 12:55:00,
556,556,credit_card,10.74,2025-09-28 19:09:00,MapJ6719rNOJ
557,557,credit_card,42.57,2025-02-21 20:53:00,dPwc3022jcQK
558,558,credit_card,28.3,2025-04-15 16:06:00,dgAl9451kRsN
559,559,cash,17.44,2025-01-28 15:04:00,
560,560,cash,33.14,2025-11-24 17:07:00,
561,561,debit_card,43.85,2025-02-04 12:37:00,DVLx9982cfXt
562,562,cash,28.3,2025-01-27 18:16:00,
563,563,credit_card,46.35,2025-04-24 18:10:00,WBJe5561sEih
564,564,credit_card,10.14,2025-04-20 16:55:00,HnSn4586NdgK
565,565,credit_card,37.81,2025-04-02 17:38:00,YTsB8179MuqH
566,566,debit_card,58.89,2025-09-06 18:58:00,NKFH9952UOFF
567,567,debit_card,89.71,2025-08-18 20:53:00,mahb2934DOYh
568,568,debit_card,23.68,2025-12-19 19:52:00,cvwJ3966ZOna
569,569,debit_card,25.9,2025-03-25 18:33:00,ttGJ3441uXah
570,570,cash,24.56,2025-11-13 19:40:00,
571,571,credit_card,10.22,2025-07-13 10:48:00,Nblm5569vvRE
572,572,credit_card,42.76,2025-07-28 17:22:00,jODI7027vDYA
573,573,credit_card,19.79,2025-10-25 19:35:00,URuJ0849IbnK
574,574,credit_card,72.83,2025-10-14 19:38:00,rbvy5512OIkK
575,575,credit_card,33.61,2025-09-14 15:36:00,hYWt9629TuTc
576,576,credit_card,12.63,2025-04-27 17:39:00,pxCt4617nHtl
577,577,credit_card,57.85,2025-05-08 19:14:00,fCGb1503ZEGj
578,578,cash,21.73,2025-05-05 19:29:00,
579,579,cash,7.65,2025-05-31 17:14:00,
580,580,debit_card,24.01,2025-07-18 16:14:00,tXuj3578XgHR
581,581,credit_card,54.94,2025-09-28 13:13:00,yTHh2307atcR
582,582,credit_card,33.91,2025-12-02 14:37:00,cgHX9157QVtb
583,583,credit_card,24.13,2025-04-06 10:01:00,mmsr9435IuXC
584,584,cash,31.65,2025-11-01 12:52:00,
585,585,credit_card,38.32,2025-08-02 12:08:00,rhaN1422JGgn
586,586,credit_card,40.01,2025-06-03 11:54:00,rjTZ8585sKpk
587,587,credit_card,38.23,2025-02-12 16:04:00,ICdi1495bERd
588,588,credit_card,35.35,2025-10-18 08:30:00,BzlT1601MLOS
589,589,credit_card,41.59,2025-03-25 17:25:00,vmTW7954QZIf
590,590,cash,39.0,2025-07-30 16:34:00,
591,591,credit_card,36.07,2025-12-22 10:51:00,ZSDg7921DtRP
592,592,cash,32.91,2025-02-19 20:00:00,
593,593,cash,41.86,2025-02-12 12:28:00,
594,594,cash,32.55,2025-02-09 10:04:00,
595,595,credit_card,35.55,2025-04-23 19:21:00,jNqx7733zlSQ
596,596,credit_card,51.07,2025-07-10 14:38:00,beEh5577wEDk
597,597,credit_card,69.51,2025-11-09 11:18:00,iGgz4599TYgu
598,598,credit_card,17.06,2025-04-20 12:16:00,DzLA8148pNpJ
599,599,credit_card,27.12,2025-04-27 18:04:00,vnSL2761BYBK
600,600,debit_card,37.27,2025-10-03 19:26:00,QQeV5832TKFh
601,601,debit_card,26.57,2025-08-20 11:34:00,JgCl9975tzeM
602,602,credit_card,13.61,2025-12-08 20:07:00,FPQd1965fniL
603,603,credit_card,64.74,2025-09-08 12:10:00,IsyN0227KCmn
604,604,credit_card,26.28,2025-08-23 19:14:00,BTwf5494LaNG
605,605,credit_card,44.67,2025-10-28 17:18:00,xJda6240TJwh
606,606,credit_card,29.36,2025-12-15 19:48:00,SLzO4036uTyz
607,607,credit_card,19.41,2025-10-17 13:07:00,QlEi6683mJyx
608,608,debit_card,9.93,2025-09-08 14:53:00,iaeP6242bjUF
609,609,credit_card,63.56,2025-11-16 18:28:00,PZAD6212YSMB
610,610,debit_card,24.4,2025-01-19 11:39:00,BJCy9278wolB
611,611,debit_card,18.25,2025-09-28 15:49:00,UpTG9097rAIK
612,612,debit_card,35.13,2025-12-27 11:35:00,ETxh5009LESf
613,613,debit_card,15.83,2025-06-09 16:22:00,HfHN2847fpEO
614,614,debit_card,34.88,2025-10-19 19:35:00,NdvI1894XaED
615,615,credit_card,18.44,2025-07-26 09:10:00,AwZs8795skcS
616,616,credit_card,56.79,2025-08-01 14:14:00,dOEL9494kKdQ
617,617,debit_card,10.6,2025-09-01 11:42:00,FfiG4904eYrq
618,618,credit_card,35.81,2025-09-14 11:18:00,qaVh2944MlLV
619,619,credit_card,28.2,2025-07-02 15:09:00,qYSp2752FlZH
620,620,debit_card,19.98,2025-02-03 20:21:00,MjFW0512AXyp
621,621,credit_card,15.58,2025-05-21 19:06:00,UwdP7239qWhd
622,622,cash,23.78,2025-07-16 16:04:00,
623,623,credit_card,13.76,2025-03-26 19:18:00,tEVW2767IoyR
624,624,cash,10.31,2025-07-11 17:25:00,
625,625,credit_card,11.68,2025-06-27 09:27:00,HBas6742ZCyR
626,626,credit_card,49.75,2025-04-19 19:02:00,IOwB5801NPrv
627,627,debit_card,33.3,2025-09-02 18:11:00,PLzD4414XRVp
628,628,cash,27.89,2025-12-07 10:19:00,
629,629,credit_card,29.88,2025-02-21 15:29:00,RSlu9385JaRa
630,630,credit_card,26.46,2025-04-17 19:47:00,HgRC1061woUs
631,631,credit_card,13.85,2025-02-09 15:07:00,NfdM4300QnMO
632,632,credit_card,21.68,2025-06-22 19:17:00,iyQW1119PKZl
633,633,debit_card,34.97,2025-09-07 19:10:00,DQeO1244DrXB
634,634,debit_card,19.76,2025-11-25 17:16:00,rXdy5421yvdq
635,635,debit_card,37.58,2025-09-22 13:32:00,FmNz4271lPFg
636,636,credit_card,19.28,2025-12-31 09:53:00,NPgC2863Tqgc
637,637,debit_card,21.87,2025-03-26 18:29:00,XCbF1194jPOa
638,638,debit_card,16.33,2025-12-21 18:36:00,SvzK0642aGTX
639,639,debit_card,17.15,2025-02-02 11:59:00,UXZY7766eIoa
640,640,credit_card,32.17,2025-09-22 19:24:00,IwvR6719tzdO
641,641,cash,15.8,2025-03-30 19:28:00,
642,642,credit_card,13.46,2025-04-10 12:10:00,fDWX1585sPml
643,643,debit_card,30.39,2025-09-20 19:36:00,tSyg8063OSwF
644,644,debit_card,28.07,2025-12-02 20:03:00,cmbU1732LpFy
645,645,cash,20.53,2025-03-09 11:44:00,
646,646,credit_card,27.23,2025-11-23 14:08:00,IZCb1847cvdv
647,647,cash,12.87,2025-08-07 20:58:00,
648,648,credit_card,37.72,2025-12-30 10:53:00,ZPQH0613DRIj
649,649,credit_card,25.52,2025-05-17 15:42:00,VjFP9310bENc
650,650,cash,27.25,2025-08-29 16:44:00,
651,651,credit_card,10.71,2025-06-28 15:21:00,OdtY3202gDNk
652,652,credit_card,19.06,2025-11-19 15:42:00,FMZN9111oeZm
653,653,credit_card,29.37,2025-04-02 11:12:00,hRKI6565iuYn
654,654,credit_card,9.81,2025-06-18 11:37:00,ehrj0925WAkS
655,655,credit_card,16.54,2025-06-30 15:46:00,pLci5827gYON
656,656,cash,83.91,2025-12-19 12:13:00,
657,657,credit_card,49.58,2025-01-19 19:14:00,faal6207fTPL
658,658,credit_card,24.59,2025-09-28 20:30:00,njOr4672HCAp
659,659,debit_card,33.77,2025-05-04 20:02:00,lTFN2909fOYt
660,660,debit_card,59.28,2025-08-02 12:04:00,pmhH5608gNxW
661,661,debit_card,17.32,2025-08-16 17:46:00,XOQn8837rdmh
662,662,debit_card,17.12,2025-01-16 08:22:00,kQcd2772Pxsn
663,663,cash,34.83,2025-06-30 19:17:00,
664,664,cash,37.47,2025-11-30 20:31:00,
665,665,credit_card,18.45,2025-10-23 13:03:00,ZWDc6459gVdI
666,666,credit_card,24.1,2025-01-07 17:31:00,Ghep2207UCLL
667,667,cash,17.28,2025-09-20 15:17:00,
668,668,credit_card,22.7,2025-12-06 12:53:00,oXhu5635ogpV
669,669,credit_card,18.6,2025-12-03 12:54:00,eELF6363dBjn
670,670,debit_card,32.34,2025-06-07 15:34:00,xiDU9726mOwr
671,671,credit_card,26.81,2025-10-14 15:49:00,SKdr3520ihDD
672,672,debit_card,34.57,2025-04-24 20:55:00,sMkY6253YONk
673,673,credit_card,34.33,2025-12-28 16:44:00,AHFn9831LEDr
674,674,credit_card,28.2,2025-05-13 12:45:00,uBLo0633LjKa
675,675,debit_card,18.78,2025-04-07 11:50:00,UXGc6007BHzE
676,676,credit_card,43.65,2025-08-30 16:54:00,fJWa1773SUAn
677,677,credit_card,5.42,2025-12-25 10:14:00,PfbE2543QtkT
678,678,credit_card,17.95,2025-06-19 11:29:00,DDXi7990TzlY
679,679,credit_card,18.29,2025-07-07 17:53:00,ySvH5701csBW
680,680,credit_card,37.01,2025-03-09 18:05:00,YnYR4989fNvV
681,681,credit_card,23.39,2025-05-10 16:02:00,hyxD0850Ncxx
682,682,credit_card,55.16,2025-05-27 18:11:00,TXni2818vpIh
683,683,credit_card,20.59,2025-08-27 18:49:00,uwrG7933RBrd
684,684,cash,21.94,2025-09-04 19:44:00,
685,685,debit_card,28.38,2025-12-03 09:42:00,FGHh1557ETIR
686,686,credit_card,95.06,2025-10-08 08:41:00,xZRS8479ZemD
687,687,cash,21.32,2025-10-18 17:08:00,
688,688,credit_card,29.85,2025-04-19 19:05:00,segk1162rhSj
689,689,credit_card,37.28,2025-07-12 13:44:00,ObsA7238RIiE
690,690,credit_card,25.85,2025-05-24 11:24:00,smeb5670ZoHP
691,691,credit_card,17.17,2025-04-27 13:48:00,PPYu5695FLQS
692,692,cash,58.91,2025-02-22 16:19:00,
693,693,debit_card,25.0,2025-07-06 11:05:00,tKiY8877tkYq
694,694,cash,41.55,2025-11-11 16:59:00,
695,695,credit_card,52.85,2025-10-16 13:20:00,Xdjw3754sDkN
696,696,debit_card,73.22,2025-09-20 17:37:00,lTSQ2842Yjkp
697,697,cash,16.92,2025-11-29 09:36:00,
698,698,credit_card,31.08,2025-03-02 20:08:00,iCqx1059lnJT
699,699,credit_card,45.5,2025-03-12 19:16:00,xCIk0552Ithb
700,700,credit_card,9.61,2025-05-14 18:18:00,ujaV6727IGvP
701,701,credit_card,11.97,2025-07-02 16:31:00,QjZK4749UCvS
702,702,credit_card,54.24,2025-02-07 12:23:00,RJht1702bzNo
703,703,debit_card,21.4,2025-12-24 15:47:00,dMPm7515LHoY
704,704,debit_card,18.56,2025-09-06 16:37:00,ICRQ4301fGzm
705,705,credit_card,16.28,2025-04-06 11:08:00,GdQx7599zjTB
706,706,debit_card,23.72,2025-06-12 12:15:00,swwt5650CJfn
707,707,cash,97.04,2025-02-14 08:09:00,
708,708,cash,61.13,2025-06-17 11:29:00,
709,709,credit_card,14.69,2025-07-20 13:25:00,kZUB7674UAiL
710,710,credit_card,46.71,2025-11-23 19:04:00,tEHv9123eLWy
711,711,credit_card,21.35,2025-06-13 11:49:00,AlJD1064TKWi
712,712,debit_card,20.23,2025-04-29 15:20:00,JFct3264LtFJ
713,713,debit_card,12.72,2025-06-09 08:07:00,jqtO7300OEhP
714,714,cash,39.68,2025-07-13 17:24:00,
715,715,debit_card,60.84,2025-06-29 15:26:00,SPpb4627hWrF
716,716,credit_card,32.67,2025-12-17 16:17:00,EKBq1959ORES
717,717,cash,16.36,2025-08-31 18:03:00,
718,718,debit_card,20.45,2025-12-20 10:51:00,bqkL1589djuD
719,719,credit_card,25.72,2025-12-20 20:52:00,rxAO2520wdss
720,720,credit_card,14.4,2025-12-20 17:10:00,XOlW8183gMWk
721,721,credit_card,46.31,2025-09-01 18:15:00,rRSS8554xgIL
722,722,credit_card,39.42,2025-10-02 18:15:00,HsxX5202FAvk
723,723,credit_card,40.09,2025-10-11 20:42:00,omYJ1328NSHI
724,724,debit_card,22.89,2025-04-04 09:22:00,ehib8167EwtS
725,725,credit_card,20.15,2025-06-19 16:37:00,HWvl5279TtbV
726,726,credit_card,15.08,2025-08-15 19:43:00,Soti1322nifB
727,727,cash,87.88,2025-10-14 18:03:00,
728,728,credit_card,28.6,2025-12-07 15:56:00,WBcm1107gcYQ
729,729,cash,52.34,2025-03-31 14:37:00,
730,730,debit_card,50.27,2025-12-19 12:59:00,hqce8907tQaW
731,731,credit_card,23.45,2025-12-04 12:38:00,LmlQ1193wbfj
732,732,credit_card,16.09,2025-08-04 08:48:00,kGXU4955NpGK
733,733,credit_card,19.43,2025-09-21 09:14:00,HnTm1190skWI
734,734,cash,31.85,2025-03-02 18:09:00,
735,735,cash,37.56,2025-01-25 15:41:00,
736,736,credit_card,40.43,2025-11-04 19:25:00,TExS0138LlCR
737,737,debit_card,25.37,2025-05-22 16:06:00,BnGo1256AhWu
738,738,credit_card,35.77,2025-03-02 10:17:00,iFWx1718TsJU
739,739,cash,30.3,2025-10-23 19:24:00,
740,740,credit_card,27.73,2025-07-31 20:11:00,hysD0157MVtR
741,741,debit_card,24.13,2025-11-14 13:27:00,sBme7386ZERx
742,742,debit_card,64.05,2025-10-17 16:00:00,zCHQ2071Rfhj
743,743,credit_card,9.09,2025-10-04 16:33:00,Vkex6691mvmM
744,744,cash,17.51,2025-09-06 18:36:00,
745,745,credit_card,14.81,2025-11-23 18:59:00,UFrW6136TXLL
746,746,debit_card,58.77,2025-07-21 10:37:00,QMzF4657GrjX
747,747,debit_card,33.61,2025-03-09 15:10:00,FFoO7114ibgV
748,748,credit_card,21.15,2025-08-12 17:46:00,lyMR0170ujtN
749,749,debit_card,24.79,2025-05-02 18:04:00,XFYD9118msQF
750,750,credit_card,33.79,2025-11-09 18:07:00,vZII7848bWcB
751,751,debit_card,41.32,2025-10-11 19:54:00,yCDc1675clJQ
752,752,credit_card,21.54,2025-10-20 16:04:00,itTy4276FWhK
753,753,credit_card,20.64,2025-12-29 13:51:00,EEJk7889Gdzq
754,754,debit_card,16.91,2025-03-02 16:20:00,RwXs7969udbL
755,755,credit_card,20.32,2025-12-06 10:22:00,ZVLb0255WOvy
756,756,debit_card,52.19,2025-01-31 15:57:00,AwdQ1655pppP
757,757,credit_card,56.83,2025-05-11 14:25:00,thvk4911bIuc
758,758,credit_card,25.03,2025-03-01 15:17:00,ArbS7698ELbu
759,759,debit_card,46.21,2025-09-10 09:49:00,KgZF6965gSRn
760,760,credit_card,38.22,2025-09-25 17:55:00,kNtx5785BmFO
761,761,credit_card,17.03,2025-08-14 14:13:00,qdtK1834zZoN
762,762,credit_card,41.11,2025-01-25 18:18:00,vreK1919ZHEB
763,763,credit_card,29.65,2025-07-25 16:55:00,GZtB3514QIum
764,764,credit_card,19.53,2025-09-07 15:35:00,GDQW6649JlbO
765,765,credit_card,55.23,2025-09-27 12:46:00,nQVD8297rOIZ
766,766,credit_card,61.56,2025-09-19 17:29:00,HmxD9690jpjV
767,767,debit_card,26.57,2025-01-09 19:24:00,eOnA4665rsPk
768,768,credit_card,18.27,2025-11-27 15:32:00,phjm4936bpZt
769,769,debit_card,16.66,2025-12-05 13:12:00,BPcm7786krib
770,770,credit_card,12.67,2025-10-12 18:11:00,PcUF4482Ybdf
771,771,debit_card,46.1,2025-04-07 17:58:00,AxQQ5941fzUi
772,772,credit_card,27.36,2025-07-05 10:35:00,hHQL3198XHqF
773,773,cash,45.53,2025-11-19 16:48:00,
774,774,credit_card,20.12,2025-04-02 18:49:00,XZuv1391LVyZ
775,775,debit_card,13.81,2025-09-28 19:44:00,glnr3632CAqL
776,776,credit_card,31.44,2025-12-30 13:55:00,ShuI0785BERp
777,777,credit_card,43.25,2025-08-14 19:08:00,Txtb4257PMcV
778,778,debit_card,13.82,2025-08-13 16:36:00,ytOS0348xZRh
779,779,debit_card,20.46,2025-12-25 12:08:00,azqt8376fWpt
780,780,credit_card,45.1,2025-05-11 12:48:00,ZXPA3275Ycrf
781,781,credit_card,24.95,2025-02-03 18:48:00,TBgk7765SqGe
782,782,credit_card,29.1,2025-12-31 10:49:00,VuDS5698bWdP
783,783,credit_card,31.43,2025-11-22 19:39:00,zmOt2720uKfh
784,784,credit_card,63.45,2025-10-19 10:45:00,MRAY2382uCEV
785,785,debit_card,44.29,2025-07-04 18:46:00,uZsm2429fAxl
786,786,cash,37.03,2025-12-20 19:09:00,
787,787,credit_card,30.94,2025-07-15 17:41:00,bbJP6693NOof
788,788,credit_card,48.23,2025-06-28 16:56:00,dzNB7342Mqjf
789,789,credit_card,17.89,2025-02-23 20:41:00,aTHB5291XDRF
790,790,debit_card,35.55,2025-05-20 12:18:00,YrsV1333FyiB
791,791,credit_card,26.05,2025-11-11 19:55:00,URmA3934lAYj
792,792,credit_card,35.22,2025-01-23 18:50:00,NCpx0443LRPD
793,793,credit_card,33.96,2025-08-30 10:49:00,uSzR1072nTyT
794,794,cash,30.84,2025-12-23 20:34:00,
795,795,credit_card,24.32,2025-09-08 15:26:00,gJdd6941vpEw
796,796,cash,42.93,2025-06-21 13:11:00,
797,797,credit_card,13.42,2025-06-18 14:27:00,qGNy9900tzQx
798,798,credit_card,20.08,2025-08-21 19:35:00,lqkG2809FvDi
799,799,cash,26.32,2025-08-25 20:51:00,
800,800,debit_card,76.72,2025-06-25 12:47:00,jqhu1586ciFr
801,801,credit_card,31.08,2025-07-27 09:05:00,NWqH5644uBku
802,802,credit_card,22.52,2025-05-20 18:36:00,dmjd7287olcE
803,803,cash,18.1,2025-04-27 13:19:00,
804,804,credit_card,36.09,2025-05-25 18:50:00,hFcC4276wTJF
805,805,debit_card,26.45,2025-11-17 19:51:00,hwfn7712slkV
806,806,credit_card,52.31,2025-10-26 17:07:00,nLaH8499XKlA
807,807,credit_card,44.47,2025-08-27 16:09:00,vbsR1371Rhzx
808,808,cash,19.17,2025-02-10 08:12:00,
809,809,credit_card,21.07,2025-07-21 19:18:00,bfDT9152QEDO
810,810,credit_card,28.14,2025-11-09 15:40:00,cPNC4905uUUZ
811,811,credit_card,36.26,2025-12-30 15:42:00,ZPsu9230ZdVe
812,812,debit_card,45.67,2025-10-11 13:35:00,zqlp8961Xzfb
813,813,cash,22.24,2025-07-08 18:00:00,
814,814,debit_card,23.5,2025-07-27 19:55:00,sPWP3266jhtF
815,815,debit_card,37.56,2025-05-10 15:41:00,wQgx6492GmFC
816,816,cash,31.81,2025-01-26 18:37:00,
817,817,credit_card,82.98,2025-09-06 11:39:00,MBfW6749BZxN
818,818,credit_card,14.09,2025-06-10 10:36:00,cGvD2661RoPR
819,819,credit_card,58.49,2025-06-17 17:22:00,fsDB2788fZEt
820,820,credit_card,14.76,2025-12-28 18:36:00,HBsK2243dJec
821,821,debit_card,15.31,2025-08-09 18:42:00,AgDQ8186UKqw
822,822,credit_card,40.79,2025-12-10 19:45:00,bhVQ4918DlYl
823,823,debit_card,14.75,2025-09-22 14:03:00,TtuL6016UDWQ
824,824,credit_card,75.59,2025-12-26 14:54:00,Zlnl7945fVMq
825,825,cash,54.85,2025-12-10 09:08:00,
826,826,credit_card,33.72,2025-08-16 19:14:00,azha1680kPED
827,827,credit_card,42.89,2025-12-24 17:42:00,NNxS6974RSRz
828,828,credit_card,15.85,2025-01-06 16:46:00,amhb4122Smbn
829,829,credit_card,34.38,2025-12-14 18:42:00,OYIm7236ftXD
830,830,debit_card,23.71,2025-02-22 08:49:00,hkjV2760SCFE
831,831,cash,21.58,2025-08-17 14:50:00,
832,832,credit_card,53.21,2025-04-16 20:12:00,msKz0793dvag
833,833,credit_card,15.94,2025-02-16 11:46:00,MUJs6679cFzF
834,834,credit_card,46.2,2025-08-09 19:02:00,oTdH8997bBKu
835,835,credit_card,23.68,2025-12-31 19:25:00,EhFN8146PwCS
836,836,debit_card,31.06,2025-10-08 12:33:00,UmEw6024CoGo
837,837,debit_card,19.21,2025-12-25 14:20:00,isUT9597yARP
838,838,debit_card,25.81,2025-08-10 18:56:00,nsSV5729fQEi
839,839,debit_card,51.72,2025-07-18 20:30:00,FgYA2329Ftpn
840,840,debit_card,31.09,2025-04-05 10:48:00,qwRk8005lGcZ
841,841,debit_card,18.13,2025-11-06 11:56:00,NohJ1561oFqv
842,842,credit_card,27.89,2025-11-06 16:59:00,jSGM5084QgTd
843,843,credit_card,27.61,2025-08-03 16:53:00,YNNY7711gJcG
844,844,credit_card,27.9,2025-09-23 12:15:00,xkUs1213TCWG
845,845,credit_card,22.37,2025-12-08 11:26:00,vihm7125CAXX
846,846,credit_card,17.13,2025-03-29 18:32:00,sGkf0375rxTW
847,847,cash,19.37,2025-10-22 18:33:00,
848,848,credit_card,39.06,2025-07-29 20:24:00,WWHA6532YoiZ
849,849,debit_card,22.0,2025-07-21 11:22:00,HYRx6667bCjX
850,850,debit_card,19.94,2025-05-03 14:03:00,vuzX0811kBdz
851,851,debit_card,21.58,2025-09-05 15:46:00,OTZQ0290HsAz
852,852,credit_card,20.69,2025-09-01 20:25:00,arHN8455jSzC
853,853,credit_card,22.53,2025-11-23 20:16:00,PCSw3899ZYPz
854,854,debit_card,27.41,2025-08-22 13:58:00,IvyU3410UViH
855,855,debit_card,19.15,2025-12-09 18:45:00,GJtH8431vWOk
856,856,credit_card,19.59,2025-09-22 18:32:00,qpXt0089UBGh
857,857,debit_card,16.58,2025-11-02 13:36:00,whdW0548PhCt
858,858,credit_card,26.58,2025-10-04 13:45:00,pZVL9075KTOQ
859,859,debit_card,17.5,2025-05-04 20:30:00,tsQY8935TKRi
860,860,credit_card,34.88,2025-10-15 17:51:00,uHLm6831XxDg
861,861,debit_card,31.07,2025-08-18 18:31:00,fdBi2661EnCe
862,862,credit_card,32.11,2025-03-10 17:32:00,JHXz5869qLFO
863,863,cash,24.7,2025-05-22 19:52:00,
864,864,credit_card,34.57,2025-07-06 16:24:00,kjGi6776FTDi
865,865,credit_card,62.74,2025-04-12 09:50:00,DEcV8813kJxh
866,866,cash,44.52,2025-09-13 17:11:00,
867,867,credit_card,19.7,2025-07-23 19:00:00,xKsc9611Hjhx
868,868,cash,14.19,2025-06-29 14:13:00,
869,869,cash,32.48,2025-09-30 11:55:00,
870,870,debit_card,14.62,2025-12-12 13:02:00,FbYj4544jYLA
871,871,credit_card,25.78,2025-06-01 13:49:00,lVFa0443hJwe
872,872,credit_card,26.05,2025-12-28 16:24:00,tKCv0679YyEU
873,873,cash,8.81,2025-08-04 15:35:00,
874,874,credit_card,20.78,2025-10-15 10:06:00,ODWC9228QCjU
875,875,debit_card,18.24,2025-06-05 14:35:00,Ayoz5199vIcQ
876,876,credit_card,12.58,2025-05-25 19:52:00,TbKO7412YXTt
877,877,credit_card,30.67,2025-01-04 13:53:00,mNIK8181WdKH
878,878,credit_card,37.12,2025-12-16 10:34:00,hQIl3780brYn
879,879,credit_card,34.95,2025-09-03 12:55:00,ZIMu3971zLcF
880,880,credit_card,40.74,2025-06-07 10:06:00,AbHu0562yqfh
881,881,debit_card,91.48,2025-03-08 17:07:00,jlqX1824fjtA
882,882,credit_card,14.37,2025-06-09 19:47:00,lbTd2095tygu
883,883,credit_card,13.04,2025-12-01 13:02:00,yhdm2654pWML
884,884,credit_card,22.94,2025-05-28 14:36:00,yhrd3788uDJA
885,885,cash,42.07,2025-02-07 18:08:00,
886,886,debit_card,17.47,2025-07-12 16:13:00,Oobr1706JLRg
887,887,credit_card,20.88,2025-12-22 16:29:00,KACf3824OGnY
888,888,debit_card,32.01,2025-05-03 18:30:00,YpIB2582JCca
889,889,debit_card,24.92,2025-11-19 11:24:00,adEr7942MqRy
890,890,credit_card,31.34,2025-12-15 13:51:00,sckV5398IKet
891,891,credit_card,15.96,2025-11-29 19:08:00,UJrB1612nNGZ
892,892,cash,26.55,2025-09-21 13:02:00,
893,893,debit_card,32.91,2025-04-26 17:11:00,rpQu5547vnDM
894,894,credit_card,48.98,2025-11-22 20:14:00,MEaa5020RlAJ
895,895,cash,9.66,2025-05-09 09:44:00,
896,896,credit_card,15.57,2025-04-26 19:09:00,YPPe7681IbQC
897,897,debit_card,24.56,2025-11-16 20:49:00,wylX1569ZSah
898,898,credit_card,43.48,2025-11-01 12:01:00,aoVb7537WrRT
899,899,credit_card,20.89,2025-03-31 20:54:00,OtZT5319ooFx
900,900,cash,48.79,2025-11-20 12:40:00,
901,901,credit_card,43.26,2025-02-07 14:19:00,namO0479zhrK
902,902,credit_card,27.15,2025-03-30 16:36:00,mQVK8728RRMK
903,903,credit_card,51.77,2025-10-09 11:18:00,Veiq2192KoHU
904,904,debit_card,14.85,2025-07-19 17:20:00,NqRJ4308DaBP
905,905,credit_card,29.56,2025-02-06 19:25:00,rhRH0566DFxH
906,906,cash,51.17,2025-10-15 18:09:00,
907,907,credit_card,22.23,2025-05-28 15:59:00,AICu0304azmv
908,908,debit_card,19.34,2025-08-12 12:21:00,SBep1903mkvt
909,909,cash,24.3,2025-03-01 20:50:00,
910,910,debit_card,70.43,2025-03-18 10:41:00,BZbL1107ZOvq
911,911,credit_card,24.43,2025-07-27 11:41:00,vdvH3173YpeX
912,912,debit_card,20.36,2025-12-22 18:15:00,OCLh9971fdcy
913,913,credit_card,36.45,2025-12-14 13:14:00,ZCdt5120NOBe
914,914,cash,35.86,2025-05-28 12:53:00,
915,915,credit_card,15.17,2025-10-05 18:31:00,syzg1080NWAo
916,916,debit_card,42.86,2025-08-03 15:29:00,yDYB9907NNgv
917,917,credit_card,42.66,2025-12-13 18:37:00,Lmgg0785aMTe
918,918,credit_card,27.89,2025-12-24 16:51:00,OGqw9392AEUN
919,919,credit_card,35.44,2025-10-04 18:19:00,Zcdi7232tLBG
920,920,credit_card,21.07,2025-08-22 19:57:00,XjjE5498tMvs
921,921,credit_card,24.91,2025-07-14 12:43:00,QRjd5089pGJd
922,922,credit_card,27.94,2025-03-23 17:04:00,OmYe6533vmQE
923,923,credit_card,27.64,2025-04-25 19:20:00,KvNt7959Avkg
924,924,cash,33.12,2025-01-27 19:02:00,
925,925,debit_card,17.19,2025-10-04 11:48:00,aOoS7073oDNn
926,926,credit_card,29.51,2025-01-25 13:03:00,nzla3756xaew
927,927,cash,95.0,2025-06-02 08:33:00,
928,928,cash,53.91,2025-12-23 11:14:00,
929,929,credit_card,16.47,2025-11-21 20:29:00,sCmO0812LWxc
930,930,cash,17.29,2025-05-18 10:09:00,
931,931,cash,21.73,2025-06-01 11:08:00,
932,932,cash,11.48,2025-10-08 20:13:00,
933,933,credit_card,31.46,2025-11-22 12:14:00,loqU0334lvJp
934,934,cash,15.48,2025-09-09 15:50:00,
935,935,credit_card,38.51,2025-03-10 18:43:00,qgbR2302iyPY
936,936,debit_card,15.48,2025-07-23 19:45:00,DpxZ1534xQkH
937,937,credit_card,48.48,2025-02-22 17:47:00,jiYm9611mIyS
938,938,credit_card,16.68,2025-12-31 14:51:00,OpcW5596NLmI
939,939,credit_card,39.79,2025-11-15 17:52:00,dOYr4253iGLF
940,940,credit_card,59.14,2025-02-08 20:38:00,ekGy3179WPWG
941,941,debit_card,23.46,2025-05-18 13:57:00,luTx5787HSET
942,942,credit_card,29.15,2025-12-14 19:12:00,zOYL7749Pcno
943,943,debit_card,37.03,2025-12-21 15:33:00,ntBy3736Kkxq
944,944,credit_card,57.95,2025-03-05 17:30:00,sCHw8121oLcD
945,945,credit_card,43.34,2025-07-05 12:21:00,CDBA8956xZFu
946,946,cash,30.75,2025-12-19 11:16:00,
947,947,cash,49.26,2025-12-02 09:33:00,
948,948,credit_card,30.4,2025-10-18 15:23:00,CoqP4602ewfs
949,949,debit_card,31.68,2025-09-15 20:19:00,Yrog8881hexc
950,950,debit_card,43.75,2025-02-23 19:38:00,Rvqt8353VXRr
951,951,cash,59.97,2025-02-15 18:15:00,
952,952,credit_card,38.34,2025-05-31 18:36:00,qaXt3928swYz
953,953,debit_card,29.29,2025-02-08 18:55:00,PGWj6907zooU
954,954,debit_card,34.42,2025-12-27 18:30:00,LYJW3738DUDv
955,955,cash,53.11,2025-01-22 18:24:00,
956,956,credit_card,46.44,2025-12-25 16:03:00,XSAn1536CCJb
957,957,cash,9.23,2025-06-14 14:28:00,
958,958,debit_card,32.77,2025-06-19 12:12:00,tVaF5292ZQwv
959,959,credit_card,58.31,2025-12-01 18:55:00,WXSI3666tuLb
960,960,credit_card,38.31,2025-06-06 19:55:00,vKOZ9022MMKz
961,961,credit_card,50.83,2025-11-16 08:09:00,IymE6361gvKC
962,962,cash,24.95,2025-05-04 17:06:00,
963,963,credit_card,12.25,2025-07-09 15:04:00,RJlc4121SMFb
964,964,debit_card,14.86,2025-06-21 12:05:00,snos2316QHeD
965,965,credit_card,22.84,2025-10-18 18:23:00,kuAz0580khiI
966,966,cash,41.31,2025-12-31 10:19:00,
967,967,credit_card,24.09,2025-08-25 19:59:00,nint6716BTQE
968,968,credit_card,34.3,2025-11-28 16:32:00,LmGT2994RDrm
969,969,debit_card,51.15,2025-10-14 19:29:00,zMZp0271HvKF
970,970,credit_card,20.8,2025-12-25 11:38:00,VfsP7790DwST
971,971,credit_card,22.03,2025-03-30 11:39:00,AplN4692UBDy
972,972,debit_card,14.63,2025-08-02 10:13:00,Scpk2916rOIs
973,973,debit_card,49.09,2025-12-08 20:32:00,WJhx1376eWgG
974,974,credit_card,31.26,2025-10-12 11:40:00,qnGc5672DbeO
975,975,credit_card,43.07,2025-10-30 10:54:00,mzca7656qhTi
976,976,credit_card,40.91,2025-05-19 18:28:00,efJQ5777pTCi
977,977,credit_card,50.54,2025-12-16 10:43:00,bMgl7422shIV
978,978,debit_card,44.78,2025-06-28 17:59:00,RrjC6210wlnT
979,979,cash,66.71,2025-04-19 16:33:00,
980,980,credit_card,31.52,2025-06-13 20:30:00,SdOZ0837HPQT
981,981,credit_card,26.53,2025-10-12 09:20:00,dMad1647XyXm
982,982,credit_card,28.81,2025-02-18 19:39:00,fbAb3533avmR
983,983,debit_card,39.4,2025-08-11 10:58:00,UkcA1312Gguu
984,984,credit_card,31.5,2025-11-04 13:10:00,IzBh8393ongw
985,985,debit_card,22.36,2025-10-12 17:42:00,Puay5206nDoe
986,986,credit_card,19.87,2025-06-22 17:27:00,enAt4950XMFg
987,987,cash,38.88,2025-06-10 16:46:00,
988,988,credit_card,27.96,2025-11-10 16:37:00,gMuO8924SyRX
989,989,credit_card,74.91,2025-12-01 18:00:00,QEev2525bMLC
990,990,credit_card,33.75,2025-09-02 19:59:00,LTao6838bNWh
991,991,credit_card,11.77,2025-04-17 15:37:00,Nfdi4363xFsm
992,992,credit_card,20.21,2025-05-25 11:48:00,pUMC2630Vvir
993,993,credit_card,40.62,2025-08-24 13:20:00,PsWb5086oUvv
994,994,credit_card,26.48,2025-07-26 16:28:00,QpZR3380SUoM
995,995,credit_card,20.49,2025-12-29 18:39:00,COae6852Femd
996,996,debit_card,29.29,2025-07-19 10:40:00,lLJY2321npGf
997,997,credit_card,23.29,2025-12-31 12:55:00,UmpB6742lMpt
998,998,credit_card,37.1,2025-11-15 10:14:00,rYEf4973xzyk
999,999,debit_card,56.57,2025-07-09 12:59:00,NVBW7768jYEb
1000,1000,credit_card,86.79,2025-12-04 13:28:00,MIjJ6614Ulqy
