sale_line_id,sale_id,product_id,quantity_sold,unit_price,discount_amount,line_total
1,1,76,3,3.14,0.0,9.42
2,1,49,3,1.02,0.0,3.06
3,1,111,2,17.56,0.0,35.12
4,2,35,2,5.66,0.0,11.32
5,2,148,5,9.52,0.0,47.6
6,2,107,1,2.77,0.0,2.77
7,3,95,1,3.44,0.0,3.44
8,3,117,1,3.08,0.0,3.08
9,3,134,1,5.6,0.0,5.6
10,4,109,1,4.66,0.0,4.66
11,4,80,3,7.03,0.0,21.09
12,4,104,1,3.88,0.0,3.88
13,5,45,1,6.23,0.0,6.23
14,5,120,1,9.96,0.0,9.96
15,5,64,1,7.64,0.0,7.64
16,6,53,2,4.77,0.48,9.06
17,6,98,2,5.0,0.0,10.0
18,6,132,1,7.93,0.0,7.93
19,7,45,2,6.23,0.0,12.46
20,7,117,2,3.08,0.0,6.16
21,7,74,2,3.36,0.0,6.72
22,8,112,2,4.79,0.0,9.58
23,8,65,2,6.08,0.0,12.16
24,8,128,1,3.68,0.0,3.68
25,9,122,1,4.09,0.0,4.09
26,9,45,1,6.23,0.0,6.23
27,9,110,1,5.92,0.0,5.92
28,10,136,1,4.99,0.0,4.99
29,10,102,2,8.55,0.86,16.24
30,10,9,1,7.17,0.0,7.17
31,11,38,1,2.61,0.0,2.61
32,11,126,2,3.7,0.0,7.4
33,11,97,3,3.24,0.0,9.72
34,12,123,2,10.69,0.0,21.38
35,12,27,1,12.72,0.0,12.72
36,12,9,2,7.17,0.0,14.34
37,13,85,2,3.63,0.0,7.26
38,13,73,2,3.8,0.0,7.6
39,13,10,2,14.11,0.0,28.22
40,14,78,4,6.68,0.0,26.72
41,14,66,4,8.85,0.0,35.4
42,14,9,1,7.17,0.0,7.17
43,15,21,3,5.04,0.0,15.12
44,15,146,1,5.93,0.0,5.93
45,15,81,1,3.87,0.0,3.87
46,16,130,1,11.16,0.0,11.16
47,16,60,2,4.85,0.0,9.7
48,16,74,1,3.36,0.0,3.36
49,17,45,2,6.23,0.0,12.46
50,17,37,3,1.1,0.0,3.3
51,17,74,1,3.36,0.0,3.36
52,18,88,2,5.74,1.15,10.33
53,18,110,5,5.92,0.0,29.6
54,18,49,2,1.02,0.0,2.04
55,19,71,1,3.28,0.0,3.28
56,19,59,1,4.6,0.0,4.6
57,19,108,1,7.11,0.0,7.11
58,20,112,2,4.79,0.0,9.58
59,20,98,1,5.0,0.0,5.0
60,20,93,2,2.96,0.0,5.92
61,21,68,5,3.01,0.0,15.05
62,21,134,2,5.6,0.0,11.2
63,21,96,1,5.31,0.0,5.31
64,22,73,4,3.8,0.0,15.2
65,22,16,1,8.85,0.0,8.85
66,22,69,3,4.65,0.0,13.95
67,23,72,2,7.93,0.0,15.86
68,23,102,1,8.55,0.0,8.55
69,23,90,2,5.2,0.0,10.4
70,24,135,1,5.36,0.0,5.36
71,24,102,2,8.55,0.0,17.1
72,24,133,1,1.51,0.0,1.51
73,25,30,1,2.73,0.0,2.73
74,25,56,1,6.59,0.0,6.59
75,25,100,3,6.69,2.01,18.06
76,26,57,3,4.15,0.62,11.83
77,26,76,1,3.14,0.0,3.14
78,26,114,3,4.66,0.0,13.98
79,27,90,3,5.2,0.0,15.6
80,27,52,2,4.07,0.0,8.14
81,27,14,3,3.08,0.0,9.24
82,28,78,1,6.68,0.0,6.68
83,28,1,3,6.24,0.0,18.72
84,28,4,1,14.05,0.0,14.05
85,29,100,3,6.69,0.0,20.07
86,29,51,2,18.54,0.0,37.08
87,29,91,2,7.23,0.0,14.46
88,30,141,1,5.03,0.0,5.03
89,30,30,2,2.73,0.55,4.91
90,30,69,2,4.65,0.0,9.3
91,31,126,1,3.7,0.0,3.7
92,31,121,1,1.04,0.0,1.04
93,31,97,2,3.24,0.0,6.48
94,32,32,1,3.31,0.0,3.31
95,32,86,2,6.45,0.0,12.9
96,32,57,1,4.15,0.0,4.15
97,33,132,1,7.93,0.0,7.93
98,33,94,2,7.89,0.0,15.78
99,33,110,2,5.92,0.0,11.84
100,34,5,1,5.9,0.0,5.9
101,34,60,1,4.85,0.0,4.85
102,34,45,1,6.23,0.31,5.92
103,35,114,1,4.66,0.0,4.66
104,35,50,2,4.75,0.0,9.5
105,35,21,1,5.04,0.0,5.04
106,36,125,3,3.47,0.0,10.41
107,36,4,4,14.05,5.62,50.58
108,36,42,5,3.04,0.0,15.2
109,37,17,4,2.68,0.0,10.72
110,37,113,1,4.13,0.21,3.92
111,37,45,2,6.23,0.0,12.46
112,38,126,4,3.7,0.0,14.8
113,38,98,2,5.0,1.0,9.0
114,38,86,2,6.45,0.0,12.9
115,39,27,2,12.72,0.0,25.44
116,39,73,1,3.8,0.0,3.8
117,39,37,1,1.1,0.0,1.1
118,40,128,3,3.68,0.0,11.04
119,40,53,1,4.77,0.24,4.53
120,40,126,1,3.7,0.0,3.7
121,41,97,2,3.24,0.0,6.48
122,41,123,2,10.69,0.0,21.38
123,41,2,2,3.76,0.0,7.52
124,42,66,4,8.85,3.54,31.86
125,42,146,5,5.93,0.0,29.65
126,42,133,1,1.51,0.0,1.51
127,43,88,1,5.74,0.0,5.74
128,43,56,1,6.59,0.0,6.59
129,43,30,1,2.73,0.0,2.73
130,44,145,2,1.45,0.0,2.9
131,44,33,2,4.88,0.0,9.76
132,44,9,3,7.17,0.0,21.51
133,45,52,2,4.07,0.41,7.73
134,45,126,1,3.7,0.0,3.7
135,45,81,1,3.87,0.39,3.48
136,46,122,1,4.09,0.0,4.09
137,46,6,1,4.46,0.0,4.46
138,46,69,2,4.65,0.47,8.83
139,47,150,1,5.23,0.26,4.97
140,47,100,2,6.69,0.67,12.71
141,47,77,1,6.44,0.0,6.44
142,48,30,1,2.73,0.0,2.73
143,48,102,1,8.55,0.86,7.69
144,48,36,1,8.03,0.0,8.03
145,49,133,2,1.51,0.0,3.02
146,49,64,3,7.64,0.0,22.92
147,49,82,2,8.4,0.84,15.96
148,50,20,3,1.57,0.0,4.71
149,50,45,2,6.23,0.0,12.46
150,50,49,2,1.02,0.0,2.04
151,51,20,2,1.57,0.0,3.14
152,51,13,1,2.91,0.0,2.91
153,51,16,1,8.85,0.0,8.85
154,52,27,2,12.72,0.0,25.44
155,52,105,3,5.49,0.0,16.47
156,52,33,2,4.88,0.98,8.78
157,53,107,2,2.77,0.0,5.54
158,53,141,1,5.03,0.0,5.03
159,53,88,1,5.74,0.0,5.74
160,54,80,2,7.03,0.0,14.06
161,54,4,2,14.05,0.0,28.1
162,54,148,1,9.52,0.0,9.52
163,55,74,1,3.36,0.0,3.36
164,55,30,1,2.73,0.0,2.73
165,55,81,1,3.87,0.0,3.87
166,56,25,1,3.35,0.0,3.35
167,56,18,3,6.74,0.0,20.22
168,56,120,1,9.96,0.0,9.96
169,57,4,5,14.05,0.0,70.25
170,57,90,5,5.2,0.0,26.0
171,57,86,1,6.45,0.32,6.13
172,58,6,1,4.46,0.0,4.46
173,58,145,1,1.45,0.0,1.45
174,58,133,1,1.51,0.0,1.51
175,59,141,3,5.03,0.75,14.34
176,59,139,2,10.31,0.0,20.62
177,59,79,2,4.87,0.0,9.74
178,60,97,1,3.24,0.0,3.24
179,60,50,4,4.75,0.0,19.0
180,60,56,1,6.59,0.0,6.59
181,61,85,1,3.63,0.18,3.45
182,61,6,4,4.46,0.0,17.84
183,61,117,1,3.08,0.15,2.93
184,62,145,1,1.45,0.0,1.45
185,62,141,1,5.03,0.0,5.03
186,62,87,1,8.11,0.0,8.11
187,63,54,3,5.19,0.0,15.57
188,63,42,2,3.04,0.3,5.78
189,63,81,3,3.87,0.0,11.61
190,64,68,5,3.01,0.0,15.05
191,64,8,3,14.34,0.0,43.02
192,64,97,1,3.24,0.0,3.24
193,65,33,1,4.88,0.0,4.88
194,65,14,1,3.08,0.0,3.08
195,65,78,1,6.68,0.0,6.68
196,66,126,2,3.7,0.0,7.4
197,66,25,1,3.35,0.0,3.35
198,66,45,3,6.23,0.0,18.69
199,67,113,2,4.13,0.0,8.26
200,67,141,4,5.03,0.0,20.12
201,67,6,1,4.46,0.0,4.46
202,68,54,5,5.19,0.0,25.95
203,68,144,4,4.6,0.0,18.4
204,68,114,1,4.66,0.23,4.43
205,69,98,2,5.0,0.0,10.0
206,69,105,1,5.49,0.55,4.94
207,69,121,2,1.04,0.0,2.08
208,70,129,3,3.28,0.0,9.84
209,70,121,1,1.04,0.0,1.04
210,70,41,1,6.75,0.34,6.41
211,71,68,1,3.01,0.0,3.01
212,71,129,1,3.28,0.0,3.28
213,71,18,1,6.74,0.0,6.74
214,72,32,1,3.31,0.0,3.31
215,72,57,5,4.15,0.0,20.75
216,72,4,1,14.05,0.7,13.35
217,73,38,1,2.61,0.0,2.61
218,73,95,2,3.44,0.0,6.88
219,73,44,4,5.04,0.0,20.16
220,74,128,3,3.68,0.0,11.04
221,74,54,2,5.19,0.0,10.38
222,74,79,1,4.87,0.0,4.87
223,75,90,4,5.2,0.0,20.8
224,75,110,3,5.92,0.0,17.76
225,75,63,1,6.1,0.0,6.1
226,76,12,3,5.98,0.0,17.94
227,76,141,2,5.03,0.0,10.06
228,76,122,1,4.09,0.0,4.09
229,77,38,1,2.61,0.0,2.61
230,77,122,1,4.09,0.0,4.09
231,77,132,1,7.93,0.0,7.93
232,78,108,2,7.11,0.0,14.22
233,78,129,3,3.28,0.0,9.84
234,78,112,3,4.79,0.0,14.37
235,79,8,4,14.34,0.0,57.36
236,79,131,2,5.73,0.0,11.46
237,79,62,3,3.61,0.0,10.83
238,80,126,2,3.7,0.37,7.03
239,80,14,4,3.08,0.0,12.32
240,80,40,1,5.56,0.0,5.56
241,81,92,1,2.61,0.0,2.61
242,81,148,3,9.52,0.0,28.56
243,81,1,1,6.24,0.0,6.24
244,82,76,2,3.14,0.0,6.28
245,82,105,1,5.49,0.0,5.49
246,82,100,4,6.69,0.0,26.76
247,83,64,1,7.64,0.38,7.26
248,83,129,3,3.28,0.0,9.84
249,83,122,2,4.09,0.0,8.18
250,84,52,1,4.07,0.0,4.07
251,84,130,2,11.16,0.0,22.32
252,84,1,2,6.24,0.0,12.48
253,85,134,2,5.6,0.0,11.2
254,85,41,1,6.75,0.34,6.41
255,85,86,2,6.45,0.0,12.9
256,86,85,2,3.63,0.73,6.53
257,86,143,1,4.53,0.45,4.08
258,86,129,2,3.28,0.0,6.56
259,87,128,1,3.68,0.0,3.68
260,87,26,2,4.96,0.0,9.92
261,87,51,2,18.54,0.0,37.08
262,88,56,3,6.59,0.0,19.77
263,88,114,1,4.66,0.0,4.66
264,88,38,1,2.61,0.0,2.61
265,89,112,1,4.79,0.0,4.79
266,89,69,2,4.65,0.0,9.3
267,89,110,1,5.92,0.0,5.92
268,90,67,1,5.57,0.0,5.57
269,90,91,2,7.23,0.0,14.46
270,90,148,1,9.52,0.0,9.52
271,91,54,2,5.19,0.52,9.86
272,91,49,5,1.02,0.51,4.59
273,91,111,1,17.56,0.0,17.56
274,92,28,1,4.12,0.0,4.12
275,92,91,1,7.23,0.0,7.23
276,92,30,1,2.73,0.27,2.46
277,93,6,1,4.46,0.0,4.46
278,93,93,1,2.96,0.0,2.96
279,93,17,2,2.68,0.0,5.36
280,94,104,1,3.88,0.0,3.88
281,94,21,1,5.04,0.0,5.04
282,94,105,2,5.49,1.1,9.88
283,95,102,2,8.55,1.71,15.39
284,95,33,1,4.88,0.0,4.88
285,95,21,3,5.04,0.0,15.12
286,96,61,1,0.72,0.07,0.65
287,96,66,5,8.85,0.0,44.25
288,96,27,2,12.72,1.27,24.17
289,97,66,1,8.85,0.44,8.41
290,97,120,2,9.96,0.0,19.92
291,97,45,2,6.23,0.62,11.84
292,98,141,1,5.03,0.25,4.78
293,98,87,2,8.11,0.0,16.22
294,98,147,1,5.77,0.0,5.77
295,99,36,1,8.03,0.0,8.03
296,99,147,1,5.77,0.0,5.77
297,99,30,1,2.73,0.14,2.59
298,100,115,2,12.88,0.0,25.76
299,100,33,2,4.88,0.98,8.78
300,100,50,1,4.75,0.0,4.75
301,101,83,2,6.1,0.0,12.2
302,101,40,5,5.56,0.0,27.8
303,101,137,2,4.41,0.0,8.82
304,102,117,1,3.08,0.0,3.08
305,102,93,1,2.96,0.0,2.96
306,102,80,1,7.03,0.0,7.03
307,103,74,1,3.36,0.0,3.36
308,103,86,1,6.45,0.0,6.45
309,103,28,2,4.12,0.0,8.24
310,104,44,2,5.04,0.0,10.08
311,104,23,2,8.47,0.0,16.94
312,104,116,4,1.97,0.0,7.88
313,105,131,1,5.73,0.0,5.73
314,105,15,1,9.25,0.0,9.25
315,105,129,1,3.28,0.0,3.28
316,106,64,1,7.64,0.0,7.64
317,106,122,4,4.09,1.64,14.72
318,106,49,2,1.02,0.2,1.84
319,107,138,3,1.98,0.59,5.35
320,107,9,1,7.17,0.0,7.17
321,107,44,4,5.04,0.0,20.16
322,108,101,2,9.87,0.0,19.74
323,108,57,1,4.15,0.0,4.15
324,108,141,1,5.03,0.0,5.03
325,109,17,3,2.68,0.0,8.04
326,109,129,2,3.28,0.0,6.56
327,109,14,2,3.08,0.0,6.16
328,110,18,1,6.74,0.0,6.74
329,110,69,3,4.65,0.0,13.95
330,110,98,3,5.0,0.0,15.0
331,111,133,1,1.51,0.0,1.51
332,111,61,1,0.72,0.0,0.72
333,111,139,2,10.31,0.0,20.62
334,112,95,2,3.44,0.0,6.88
335,112,126,1,3.7,0.0,3.7
336,112,85,1,3.63,0.0,3.63
337,113,28,1,4.12,0.0,4.12
338,113,77,1,6.44,0.0,6.44
339,113,80,1,7.03,0.0,7.03
340,114,147,1,5.77,0.0,5.77
341,114,97,1,3.24,0.0,3.24
342,114,16,1,8.85,0.0,8.85
343,115,109,1,4.66,0.0,4.66
344,115,110,1,5.92,0.0,5.92
345,115,149,3,6.36,0.0,19.08
346,116,14,3,3.08,0.0,9.24
347,116,78,3,6.68,0.0,20.04
348,116,140,1,3.12,0.0,3.12
349,117,24,2,8.36,0.0,16.72
350,117,42,3,3.04,0.0,9.12
351,117,66,2,8.85,0.0,17.7
352,118,22,2,14.87,0.0,29.74
353,118,124,2,4.59,0.0,9.18
354,118,49,2,1.02,0.0,2.04
355,119,124,1,4.59,0.0,4.59
356,119,86,1,6.45,0.0,6.45
357,119,41,4,6.75,0.0,27.0
358,120,144,2,4.6,0.0,9.2
359,120,61,1,0.72,0.0,0.72
360,120,9,1,7.17,0.0,7.17
361,121,54,1,5.19,0.52,4.67
362,121,133,2,1.51,0.0,3.02
363,121,144,1,4.6,0.0,4.6
364,122,4,3,14.05,0.0,42.15
365,122,150,2,5.23,1.05,9.41
366,122,87,2,8.11,0.0,16.22
367,123,88,1,5.74,0.0,5.74
368,123,1,1,6.24,0.0,6.24
369,123,144,2,4.6,0.0,9.2
370,124,78,2,6.68,0.0,13.36
371,124,99,1,6.59,0.0,6.59
372,124,43,1,6.63,0.0,6.63
373,125,44,2,5.04,0.0,10.08
374,125,46,2,10.25,0.0,20.5
375,125,92,3,2.61,0.0,7.83
376,126,108,3,7.11,0.0,21.33
377,126,2,2,3.76,0.0,7.52
378,126,93,2,2.96,0.0,5.92
379,127,72,2,7.93,0.0,15.86
380,127,1,1,6.24,0.0,6.24
381,127,87,1,8.11,0.0,8.11
382,128,122,3,4.09,0.0,12.27
383,128,61,1,0.72,0.0,0.72
384,128,49,2,1.02,0.0,2.04
385,129,150,1,5.23,0.26,4.97
386,129,19,2,8.09,0.0,16.18
387,129,138,2,1.98,0.0,3.96
388,130,117,2,3.08,0.0,6.16
389,130,38,2,2.61,0.0,5.22
390,130,83,2,6.1,0.0,12.2
391,131,7,1,4.26,0.0,4.26
392,131,123,1,10.69,0.0,10.69
393,131,41,4,6.75,0.0,27.0
394,132,44,4,5.04,1.01,19.15
395,132,51,1,18.54,0.0,18.54
396,132,8,5,14.34,0.0,71.7
397,133,6,1,4.46,0.0,4.46
398,133,81,3,3.87,0.0,11.61
399,133,69,1,4.65,0.0,4.65
400,134,72,4,7.93,0.0,31.72
401,134,86,4,6.45,0.0,25.8
402,134,85,4,3.63,0.0,14.52
403,135,102,3,8.55,0.0,25.65
404,135,50,1,4.75,0.0,4.75
405,135,69,2,4.65,0.0,9.3
406,136,60,1,4.85,0.0,4.85
407,136,17,3,2.68,0.8,7.24
408,136,26,2,4.96,0.99,8.93
409,137,111,2,17.56,0.0,35.12
410,137,87,2,8.11,0.0,16.22
411,137,148,2,9.52,0.0,19.04
412,138,147,1,5.77,0.0,5.77
413,138,60,2,4.85,0.0,9.7
414,138,146,3,5.93,0.0,17.79
415,139,65,1,6.08,0.0,6.08
416,139,35,2,5.66,0.0,11.32
417,139,122,4,4.09,0.0,16.36
418,140,9,1,7.17,0.0,7.17
419,140,44,3,5.04,0.0,15.12
420,140,114,4,4.66,0.0,18.64
421,141,100,3,6.69,0.0,20.07
422,141,61,2,0.72,0.0,1.44
423,141,90,4,5.2,0.0,20.8
424,142,84,1,7.38,0.0,7.38
425,142,90,2,5.2,0.0,10.4
426,142,25,1,3.35,0.0,3.35
427,143,150,1,5.23,0.0,5.23
428,143,53,1,4.77,0.0,4.77
429,143,73,3,3.8,0.0,11.4
430,144,54,1,5.19,0.0,5.19
431,144,5,1,5.9,0.59,5.31
432,144,51,1,18.54,0.0,18.54
433,145,17,1,2.68,0.0,2.68
434,145,67,1,5.57,0.0,5.57
435,145,144,2,4.6,0.0,9.2
436,146,109,2,4.66,0.0,9.32
437,146,99,1,6.59,0.0,6.59
438,146,102,2,8.55,0.86,16.24
439,147,66,1,8.85,0.0,8.85
440,147,133,2,1.51,0.0,3.02
441,147,54,2,5.19,0.0,10.38
442,148,51,1,18.54,0.0,18.54
443,148,5,3,5.9,0.0,17.7
444,148,118,1,14.15,0.0,14.15
445,149,86,1,6.45,0.0,6.45
446,149,30,1,2.73,0.0,2.73
447,149,99,1,6.59,0.0,6.59
448,150,35,2,5.66,0.0,11.32
449,150,90,3,5.2,0.0,15.6
450,150,141,1,5.03,0.0,5.03
451,151,21,4,5.04,0.0,20.16
452,151,73,2,3.8,0.0,7.6
453,151,92,3,2.61,0.0,7.83
454,152,86,3,6.45,0.0,19.35
455,152,150,2,5.23,0.0,10.46
456,152,136,5,4.99,2.5,22.45
457,153,94,1,7.89,0.39,7.5
458,153,70,2,14.03,0.0,28.06
459,153,92,1,2.61,0.13,2.48
460,154,4,1,14.05,0.0,14.05
461,154,30,1,2.73,0.0,2.73
462,154,141,2,5.03,0.5,9.56
463,155,14,4,3.08,0.0,12.32
464,155,134,1,5.6,0.0,5.6
465,155,73,3,3.8,0.0,11.4
466,156,86,1,6.45,0.0,6.45
467,156,136,3,4.99,0.75,14.22
468,156,9,2,7.17,0.0,14.34
469,157,9,2,7.17,0.0,14.34
470,157,57,2,4.15,0.42,7.88
471,157,76,2,3.14,0.0,6.28
472,158,105,1,5.49,0.0,5.49
473,158,145,1,1.45,0.07,1.38
474,158,38,3,2.61,0.0,7.83
475,159,145,1,1.45,0.0,1.45
476,159,50,1,4.75,0.0,4.75
477,159,52,2,4.07,0.0,8.14
478,160,68,3,3.01,0.0,9.03
479,160,39,2,6.98,0.0,13.96
480,160,64,2,7.64,0.0,15.28
481,161,105,1,5.49,0.0,5.49
482,161,81,2,3.87,0.0,7.74
483,161,37,2,1.1,0.0,2.2
484,162,144,1,4.6,0.0,4.6
485,162,60,2,4.85,0.0,9.7
486,162,15,2,9.25,0.0,18.5
487,163,98,1,5.0,0.0,5.0
488,163,76,4,3.14,0.0,12.56
489,163,33,1,4.88,0.0,4.88
490,164,140,3,3.12,0.0,9.36
491,164,111,2,17.56,0.0,35.12
492,164,30,1,2.73,0.0,2.73
493,165,88,3,5.74,0.0,17.22
494,165,150,4,5.23,2.09,18.83
495,165,30,1,2.73,0.14,2.59
496,166,14,1,3.08,0.0,3.08
497,166,123,1,10.69,0.0,10.69
498,166,82,2,8.4,0.0,16.8
499,167,66,1,8.85,0.0,8.85
500,167,39,1,6.98,0.0,6.98
501,167,148,1,9.52,0.0,9.52
502,168,41,2,6.75,0.0,13.5
503,168,114,3,4.66,0.0,13.98
504,168,147,2,5.77,0.0,11.54
505,169,141,1,5.03,0.0,5.03
506,169,117,1,3.08,0.0,3.08
507,169,49,1,1.02,0.0,1.02
508,170,92,2,2.61,0.0,5.22
509,170,147,2,5.77,0.0,11.54
510,170,6,2,4.46,0.45,8.47
511,171,138,1,1.98,0.0,1.98
512,171,1,1,6.24,0.0,6.24
513,171,85,3,3.63,0.0,10.89
514,172,100,3,6.69,0.0,20.07
515,172,63,2,6.1,0.0,12.2
516,172,102,1,8.55,0.0,8.55
517,173,69,1,4.65,0.23,4.42
518,173,133,1,1.51,0.0,1.51
519,173,52,1,4.07,0.0,4.07
520,174,6,2,4.46,0.45,8.47
521,174,3,2,34.33,0.0,68.66
522,174,107,1,2.77,0.0,2.77
523,175,32,2,3.31,0.0,6.62
524,175,4,3,14.05,0.0,42.15
525,175,75,1,15.76,0.0,15.76
526,176,37,1,1.1,0.0,1.1
527,176,93,1,2.96,0.0,2.96
528,176,102,2,8.55,0.0,17.1
529,177,26,5,4.96,2.48,22.32
530,177,16,2,8.85,0.0,17.7
531,177,25,5,3.35,0.84,15.91
532,178,42,5,3.04,0.76,14.44
533,178,73,4,3.8,0.0,15.2
534,178,127,2,7.2,1.44,12.96
535,179,49,1,1.02,0.0,1.02
536,179,44,1,5.04,0.0,5.04
537,179,97,2,3.24,0.0,6.48
538,180,95,2,3.44,0.0,6.88
539,180,111,1,17.56,0.0,17.56
540,180,131,1,5.73,0.0,5.73
541,181,122,1,4.09,0.0,4.09
542,181,109,1,4.66,0.0,4.66
543,181,30,1,2.73,0.0,2.73
544,182,107,2,2.77,0.0,5.54
545,182,128,3,3.68,0.0,11.04
546,182,101,3,9.87,0.0,29.61
547,183,52,1,4.07,0.41,3.66
548,183,93,1,2.96,0.3,2.66
549,183,3,2,34.33,0.0,68.66
550,184,13,1,2.91,0.0,2.91
551,184,66,1,8.85,0.0,8.85
552,184,86,1,6.45,0.0,6.45
553,185,134,2,5.6,0.0,11.2
554,185,109,1,4.66,0.0,4.66
555,185,147,1,5.77,0.0,5.77
556,186,126,1,3.7,0.0,3.7
557,186,30,1,2.73,0.0,2.73
558,186,57,1,4.15,0.21,3.94
559,187,49,1,1.02,0.0,1.02
560,187,62,3,3.61,0.0,10.83
561,187,67,1,5.57,0.0,5.57
562,188,32,4,3.31,0.0,13.24
563,188,6,1,4.46,0.0,4.46
564,188,21,2,5.04,0.0,10.08
565,189,8,2,14.34,0.0,28.68
566,189,69,3,4.65,0.0,13.95
567,189,77,1,6.44,0.0,6.44
568,190,98,1,5.0,0.0,5.0
569,190,129,3,3.28,0.0,9.84
570,190,37,1,1.1,0.0,1.1
571,191,45,3,6.23,0.0,18.69
572,191,37,2,1.1,0.0,2.2
573,191,74,3,3.36,0.0,10.08
574,192,54,3,5.19,0.0,15.57
575,192,148,5,9.52,0.0,47.6
576,192,136,3,4.99,0.0,14.97
577,193,114,1,4.66,0.47,4.19
578,193,50,2,4.75,0.0,9.5
579,193,55,2,7.22,0.0,14.44
580,194,62,3,3.61,0.0,10.83
581,194,48,3,10.05,0.0,30.15
582,194,105,3,5.49,0.0,16.47
583,195,24,3,8.36,0.0,25.08
584,195,67,2,5.57,0.0,11.14
585,195,141,1,5.03,0.25,4.78
586,196,61,5,0.72,0.0,3.6
587,196,129,1,3.28,0.0,3.28
588,196,35,1,5.66,0.0,5.66
589,197,98,3,5.0,0.0,15.0
590,197,40,2,5.56,0.0,11.12
591,197,108,1,7.11,0.0,7.11
592,198,9,1,7.17,0.0,7.17
593,198,61,3,0.72,0.0,2.16
594,198,105,1,5.49,0.0,5.49
595,199,129,1,3.28,0.0,3.28
596,199,147,1,5.77,0.0,5.77
597,199,16,1,8.85,0.0,8.85
598,200,33,3,4.88,0.0,14.64
599,200,81,4,3.87,0.0,15.48
600,200,40,1,5.56,0.0,5.56
601,201,17,1,2.68,0.0,2.68
602,201,20,3,1.57,0.0,4.71
603,201,73,1,3.8,0.0,3.8
604,202,27,2,12.72,0.0,25.44
605,202,89,5,4.57,1.14,21.71
606,202,135,2,5.36,0.54,10.18
607,203,33,1,4.88,0.24,4.64
608,203,96,2,5.31,0.0,10.62
609,203,42,4,3.04,0.0,12.16
610,204,140,1,3.12,0.0,3.12
611,204,6,2,4.46,0.89,8.03
612,204,69,1,4.65,0.0,4.65
613,205,35,1,5.66,0.0,5.66
614,205,20,1,1.57,0.0,1.57
615,205,95,2,3.44,0.0,6.88
616,206,44,1,5.04,0.0,5.04
617,206,66,4,8.85,3.54,31.86
618,206,13,1,2.91,0.0,2.91
619,207,81,3,3.87,0.0,11.61
620,207,141,1,5.03,0.25,4.78
621,207,48,4,10.05,0.0,40.2
622,208,39,1,6.98,0.0,6.98
623,208,97,2,3.24,0.0,6.48
624,208,58,1,11.09,0.0,11.09
625,209,49,1,1.02,0.0,1.02
626,209,97,1,3.24,0.0,3.24
627,209,78,2,6.68,0.0,13.36
628,210,97,1,3.24,0.0,3.24
629,210,117,1,3.08,0.0,3.08
630,210,25,3,3.35,0.0,10.05
631,211,74,2,3.36,0.0,6.72
632,211,33,2,4.88,0.0,9.76
633,211,78,2,6.68,0.67,12.69
634,212,52,3,4.07,0.0,12.21
635,212,123,1,10.69,0.0,10.69
636,212,126,4,3.7,0.0,14.8
637,213,87,2,8.11,0.0,16.22
638,213,78,1,6.68,0.0,6.68
639,213,88,2,5.74,0.0,11.48
640,214,57,2,4.15,0.83,7.47
641,214,33,4,4.88,0.0,19.52
642,214,16,4,8.85,3.54,31.86
643,215,4,1,14.05,0.0,14.05
644,215,31,2,5.07,0.0,10.14
645,215,149,1,6.36,0.32,6.04
646,216,146,3,5.93,0.0,17.79
647,216,74,2,3.36,0.0,6.72
648,216,72,3,7.93,0.0,23.79
649,217,9,1,7.17,0.0,7.17
650,217,12,3,5.98,0.0,17.94
651,217,150,3,5.23,0.0,15.69
652,218,18,3,6.74,0.0,20.22
653,218,97,1,3.24,0.0,3.24
654,218,5,1,5.9,0.0,5.9
655,219,114,1,4.66,0.0,4.66
656,219,125,1,3.47,0.0,3.47
657,219,117,2,3.08,0.62,5.54
658,220,20,3,1.57,0.0,4.71
659,220,5,4,5.9,2.36,21.24
660,220,66,1,8.85,0.0,8.85
661,221,117,1,3.08,0.0,3.08
662,221,33,2,4.88,0.0,9.76
663,221,131,2,5.73,0.57,10.89
664,222,138,1,1.98,0.0,1.98
665,222,18,1,6.74,0.0,6.74
666,222,13,1,2.91,0.0,2.91
667,223,150,5,5.23,0.0,26.15
668,223,12,1,5.98,0.0,5.98
669,223,146,4,5.93,0.0,23.72
670,224,118,2,14.15,0.0,28.3
671,224,90,2,5.2,0.52,9.88
672,224,129,1,3.28,0.33,2.95
673,225,57,2,4.15,0.0,8.3
674,225,133,1,1.51,0.0,1.51
675,225,85,3,3.63,0.0,10.89
676,226,98,1,5.0,0.0,5.0
677,226,50,1,4.75,0.0,4.75
678,226,97,2,3.24,0.0,6.48
679,227,92,2,2.61,0.0,5.22
680,227,42,1,3.04,0.0,3.04
681,227,33,3,4.88,0.0,14.64
682,228,128,3,3.68,0.0,11.04
683,228,2,1,3.76,0.38,3.38
684,228,81,1,3.87,0.0,3.87
685,229,123,1,10.69,0.0,10.69
686,229,135,1,5.36,0.0,5.36
687,229,32,1,3.31,0.0,3.31
688,230,9,2,7.17,0.0,14.34
689,230,110,2,5.92,0.0,11.84
690,230,62,1,3.61,0.0,3.61
691,231,113,1,4.13,0.41,3.72
692,231,110,1,5.92,0.0,5.92
693,231,114,1,4.66,0.47,4.19
694,232,114,4,4.66,0.0,18.64
695,232,150,2,5.23,0.0,10.46
696,232,146,1,5.93,0.0,5.93
697,233,86,3,6.45,0.0,19.35
698,233,9,1,7.17,0.0,7.17
699,233,49,1,1.02,0.0,1.02
700,234,134,1,5.6,0.0,5.6
701,234,135,1,5.36,0.0,5.36
702,234,57,1,4.15,0.21,3.94
703,235,116,1,1.97,0.0,1.97
704,235,117,3,3.08,0.0,9.24
705,235,92,1,2.61,0.0,2.61
706,236,1,2,6.24,0.0,12.48
707,236,37,1,1.1,0.0,1.1
708,236,49,1,1.02,0.0,1.02
709,237,32,5,3.31,0.0,16.55
710,237,113,4,4.13,0.0,16.52
711,237,81,5,3.87,0.0,19.35
712,238,25,5,3.35,0.0,16.75
713,238,44,2,5.04,0.0,10.08
714,238,133,4,1.51,0.3,5.74
715,239,80,5,7.03,0.0,35.15
716,239,2,1,3.76,0.19,3.57
717,239,34,2,11.32,0.0,22.64
718,240,66,2,8.85,0.89,16.81
719,240,93,4,2.96,0.0,11.84
720,240,12,3,5.98,0.0,17.94
721,241,10,2,14.11,0.0,28.22
722,241,98,1,5.0,0.0,5.0
723,241,99,1,6.59,0.0,6.59
724,242,121,2,1.04,0.0,2.08
725,242,42,1,3.04,0.0,3.04
726,242,138,1,1.98,0.0,1.98
727,243,66,1,8.85,0.0,8.85
728,243,88,3,5.74,0.0,17.22
729,243,81,3,3.87,0.58,11.03
730,244,111,1,17.56,0.0,17.56
731,244,135,1,5.36,0.0,5.36
732,244,92,2,2.61,0.0,5.22
733,245,105,1,5.49,0.55,4.94
734,245,121,2,1.04,0.0,2.08
735,245,33,1,4.88,0.0,4.88
736,246,137,2,4.41,0.0,8.82
737,246,38,1,2.61,0.0,2.61
738,246,28,1,4.12,0.0,4.12
739,247,133,2,1.51,0.0,3.02
740,247,48,1,10.05,0.0,10.05
741,247,115,2,12.88,0.0,25.76
742,248,62,4,3.61,0.0,14.44
743,248,56,1,6.59,0.0,6.59
744,248,17,2,2.68,0.0,5.36
745,249,2,1,3.76,0.0,3.76
746,249,114,1,4.66,0.0,4.66
747,249,41,1,6.75,0.0,6.75
748,250,109,3,4.66,0.0,13.98
749,250,44,4,5.04,0.0,20.16
750,250,98,2,5.0,0.0,10.0
751,251,2,1,3.76,0.0,3.76
752,251,60,4,4.85,0.0,19.4
753,251,73,1,3.8,0.0,3.8
754,252,98,1,5.0,0.0,5.0
755,252,148,3,9.52,0.0,28.56
756,252,44,1,5.04,0.0,5.04
757,253,144,2,4.6,0.0,9.2
758,253,148,2,9.52,0.0,19.04
759,253,62,1,3.61,0.0,3.61
760,254,32,1,3.31,0.0,3.31
761,254,72,1,7.93,0.0,7.93
762,254,92,1,2.61,0.0,2.61
763,255,144,1,4.6,0.0,4.6
764,255,87,2,8.11,0.0,16.22
765,255,6,2,4.46,0.45,8.47
766,256,36,4,8.03,0.0,32.12
767,256,53,2,4.77,0.95,8.59
768,256,124,1,4.59,0.0,4.59
769,257,18,1,6.74,0.34,6.4
770,257,36,2,8.03,0.0,16.06
771,257,143,2,4.53,0.0,9.06
772,258,114,5,4.66,0.0,23.3
773,258,57,2,4.15,0.0,8.3
774,258,50,2,4.75,0.95,8.55
775,259,131,1,5.73,0.0,5.73
776,259,33,2,4.88,0.0,9.76
777,259,57,1,4.15,0.0,4.15
778,260,138,1,1.98,0.0,1.98
779,260,129,2,3.28,0.66,5.9
780,260,97,2,3.24,0.0,6.48
781,261,37,3,1.1,0.0,3.3
782,261,108,3,7.11,0.0,21.33
783,261,86,4,6.45,0.0,25.8
784,262,54,2,5.19,0.0,10.38
785,262,14,2,3.08,0.0,6.16
786,262,74,1,3.36,0.0,3.36
787,263,51,1,18.54,0.0,18.54
788,263,122,1,4.09,0.0,4.09
789,263,50,1,4.75,0.0,4.75
790,264,98,1,5.0,0.0,5.0
791,264,136,3,4.99,0.0,14.97
792,264,113,3,4.13,0.62,11.77
793,265,49,1,1.02,0.0,1.02
794,265,15,1,9.25,0.0,9.25
795,265,62,1,3.61,0.0,3.61
796,266,13,2,2.91,0.0,5.82
797,266,93,1,2.96,0.0,2.96
798,266,61,3,0.72,0.0,2.16
799,267,45,2,6.23,0.0,12.46
800,267,31,1,5.07,0.0,5.07
801,267,86,1,6.45,0.0,6.45
802,268,126,1,3.7,0.0,3.7
803,268,56,1,6.59,0.0,6.59
804,268,102,1,8.55,0.0,8.55
805,269,98,2,5.0,0.0,10.0
806,269,44,1,5.04,0.0,5.04
807,269,73,1,3.8,0.0,3.8
808,270,86,2,6.45,0.0,12.9
809,270,20,4,1.57,0.0,6.28
810,270,5,3,5.9,0.89,16.81
811,271,25,5,3.35,0.0,16.75
812,271,54,5,5.19,0.0,25.95
813,271,73,2,3.8,0.38,7.22
814,272,55,2,7.22,0.0,14.44
815,272,5,1,5.9,0.0,5.9
816,272,96,2,5.31,0.0,10.62
817,273,141,3,5.03,0.0,15.09
818,273,24,2,8.36,1.67,15.05
819,273,148,1,9.52,0.0,9.52
820,274,112,1,4.79,0.48,4.31
821,274,88,2,5.74,0.0,11.48
822,274,14,1,3.08,0.0,3.08
823,275,85,1,3.63,0.0,3.63
824,275,120,2,9.96,0.0,19.92
825,275,57,2,4.15,0.42,7.88
826,276,73,1,3.8,0.0,3.8
827,276,38,3,2.61,0.0,7.83
828,276,1,1,6.24,0.0,6.24
829,277,52,4,4.07,0.0,16.28
830,277,33,3,4.88,0.0,14.64
831,277,110,2,5.92,0.0,11.84
832,278,78,1,6.68,0.0,6.68
833,278,19,1,8.09,0.0,8.09
834,278,129,4,3.28,0.0,13.12
835,279,140,1,3.12,0.0,3.12
836,279,66,2,8.85,0.0,17.7
837,279,65,2,6.08,0.0,12.16
838,280,40,1,5.56,0.0,5.56
839,280,124,2,4.59,0.0,9.18
840,280,46,1,10.25,0.0,10.25
841,281,149,3,6.36,0.0,19.08
842,281,107,1,2.77,0.0,2.77
843,281,141,1,5.03,0.0,5.03
844,282,53,3,4.77,0.0,14.31
845,282,15,2,9.25,0.0,18.5
846,282,30,2,2.73,0.0,5.46
847,283,30,1,2.73,0.27,2.46
848,283,71,1,3.28,0.0,3.28
849,283,27,1,12.72,0.0,12.72
850,284,4,2,14.05,0.0,28.1
851,284,112,4,4.79,0.0,19.16
852,284,149,2,6.36,0.0,12.72
853,285,146,1,5.93,0.0,5.93
854,285,140,3,3.12,0.0,9.36
855,285,61,1,0.72,0.0,0.72
856,286,75,1,15.76,0.0,15.76
857,286,45,1,6.23,0.0,6.23
858,286,42,1,3.04,0.15,2.89
859,287,131,2,5.73,0.0,11.46
860,287,64,3,7.64,0.0,22.92
861,287,136,1,4.99,0.0,4.99
862,288,20,1,1.57,0.0,1.57
863,288,26,1,4.96,0.0,4.96
864,288,136,2,4.99,0.0,9.98
865,289,33,2,4.88,0.49,9.27
866,289,71,1,3.28,0.0,3.28
867,289,134,1,5.6,0.0,5.6
868,290,69,1,4.65,0.0,4.65
869,290,81,1,3.87,0.0,3.87
870,290,73,1,3.8,0.0,3.8
871,291,117,1,3.08,0.15,2.93
872,291,129,1,3.28,0.0,3.28
873,291,104,1,3.88,0.0,3.88
874,292,146,3,5.93,0.0,17.79
875,292,102,1,8.55,0.0,8.55
876,292,129,1,3.28,0.0,3.28
877,293,105,2,5.49,0.0,10.98
878,293,85,1,3.63,0.0,3.63
879,293,139,2,10.31,0.0,20.62
880,294,113,2,4.13,0.0,8.26
881,294,117,1,3.08,0.0,3.08
882,294,48,3,10.05,0.0,30.15
883,295,48,3,10.05,0.0,30.15
884,295,33,1,4.88,0.0,4.88
885,295,81,1,3.87,0.0,3.87
886,296,100,1,6.69,0.0,6.69
887,296,128,1,3.68,0.0,3.68
888,296,87,1,8.11,0.0,8.11
889,297,97,1,3.24,0.0,3.24
890,297,105,1,5.49,0.0,5.49
891,297,102,2,8.55,0.0,17.1
892,298,144,1,4.6,0.0,4.6
893,298,76,1,3.14,0.0,3.14
894,298,114,2,4.66,0.47,8.85
895,299,72,1,7.93,0.0,7.93
896,299,57,1,4.15,0.0,4.15
897,299,63,1,6.1,0.0,6.1
898,300,64,1,7.64,0.76,6.88
899,300,122,2,4.09,0.0,8.18
900,300,145,1,1.45,0.0,1.45
901,301,101,2,9.87,0.0,19.74
902,301,129,1,3.28,0.0,3.28
903,301,97,3,3.24,0.0,9.72
904,302,18,1,6.74,0.0,6.74
905,302,88,3,5.74,0.0,17.22
906,302,109,2,4.66,0.0,9.32
907,303,57,1,4.15,0.0,4.15
908,303,97,2,3.24,0.0,6.48
909,303,134,3,5.6,0.0,16.8
910,304,11,2,6.23,0.0,12.46
911,304,42,2,3.04,0.0,6.08
912,304,44,3,5.04,0.0,15.12
913,305,12,3,5.98,0.0,17.94
914,305,99,1,6.59,0.0,6.59
915,305,18,1,6.74,0.0,6.74
916,306,46,1,10.25,0.0,10.25
917,306,68,1,3.01,0.0,3.01
918,306,1,1,6.24,0.0,6.24
919,307,80,3,7.03,0.0,21.09
920,307,86,3,6.45,0.0,19.35
921,307,89,4,4.57,1.83,16.45
922,308,147,1,5.77,0.0,5.77
923,308,52,1,4.07,0.0,4.07
924,308,12,3,5.98,0.0,17.94
925,309,11,2,6.23,0.0,12.46
926,309,57,1,4.15,0.21,3.94
927,309,74,2,3.36,0.0,6.72
928,310,125,1,3.47,0.35,3.12
929,310,134,1,5.6,0.0,5.6
930,310,69,3,4.65,0.7,13.25
931,311,114,1,4.66,0.47,4.19
932,311,141,2,5.03,0.5,9.56
933,311,25,2,3.35,0.0,6.7
934,312,86,2,6.45,0.0,12.9
935,312,78,1,6.68,0.0,6.68
936,312,90,1,5.2,0.0,5.2
937,313,69,1,4.65,0.0,4.65
938,313,129,2,3.28,0.33,6.23
939,313,121,1,1.04,0.0,1.04
940,314,148,1,9.52,0.48,9.04
941,314,122,3,4.09,0.0,12.27
942,314,77,2,6.44,0.0,12.88
943,315,30,3,2.73,0.41,7.78
944,315,14,1,3.08,0.0,3.08
945,315,12,3,5.98,0.0,17.94
946,316,104,1,3.88,0.0,3.88
947,316,114,2,4.66,0.0,9.32
948,316,24,4,8.36,0.0,33.44
949,317,133,1,1.51,0.0,1.51
950,317,114,3,4.66,0.0,13.98
951,317,150,2,5.23,0.52,9.94
952,318,126,1,3.7,0.0,3.7
953,318,30,4,2.73,0.0,10.92
954,318,33,2,4.88,0.0,9.76
955,319,136,3,4.99,0.0,14.97
956,319,41,3,6.75,0.0,20.25
957,319,115,2,12.88,0.0,25.76
958,320,107,1,2.77,0.0,2.77
959,320,21,1,5.04,0.25,4.79
960,320,82,2,8.4,0.0,16.8
961,321,126,1,3.7,0.0,3.7
962,321,1,1,6.24,0.0,6.24
963,321,101,3,9.87,0.0,29.61
964,322,87,1,8.11,0.0,8.11
965,322,42,1,3.04,0.0,3.04
966,322,93,3,2.96,0.89,7.99
967,323,80,1,7.03,0.0,7.03
968,323,100,3,6.69,0.0,20.07
969,323,146,1,5.93,0.0,5.93
970,324,130,2,11.16,0.0,22.32
971,324,145,1,1.45,0.0,1.45
972,324,20,1,1.57,0.0,1.57
973,325,66,2,8.85,0.89,16.81
974,325,45,1,6.23,0.0,6.23
975,325,140,1,3.12,0.0,3.12
976,326,68,4,3.01,0.6,11.44
977,326,126,1,3.7,0.37,3.33
978,326,74,5,3.36,1.68,15.12
979,327,147,2,5.77,0.0,11.54
980,327,39,2,6.98,0.0,13.96
981,327,62,3,3.61,0.0,10.83
982,328,1,2,6.24,0.0,12.48
983,328,88,3,5.74,0.0,17.22
984,328,5,2,5.9,1.18,10.62
985,329,108,2,7.11,0.0,14.22
986,329,121,2,1.04,0.0,2.08
987,329,134,3,5.6,0.0,16.8
988,330,102,1,8.55,0.86,7.69
989,330,129,3,3.28,0.98,8.86
990,330,62,4,3.61,0.0,14.44
991,331,37,1,1.1,0.0,1.1
992,331,109,1,4.66,0.0,4.66
993,331,110,1,5.92,0.0,5.92
994,332,119,2,3.58,0.0,7.16
995,332,36,3,8.03,0.0,24.09
996,332,2,1,3.76,0.0,3.76
997,333,43,1,6.63,0.0,6.63
998,333,25,1,3.35,0.0,3.35
999,333,30,1,2.73,0.0,2.73
1000,334,65,1,6.08,0.61,5.47
1001,334,92,2,2.61,0.0,5.22
1002,334,38,1,2.61,0.0,2.61
1003,335,117,1,3.08,0.0,3.08
1004,335,141,3,5.03,0.0,15.09
1005,335,30,1,2.73,0.0,2.73
1006,336,24,1,8.36,0.0,8.36
1007,336,81,1,3.87,0.0,3.87
1008,336,138,2,1.98,0.0,3.96
1009,337,47,1,5.41,0.0,5.41
1010,337,114,1,4.66,0.0,4.66
1011,337,125,1,3.47,0.0,3.47
1012,338,77,2,6.44,0.0,12.88
1013,338,38,1,2.61,0.0,2.61
1014,338,125,1,3.47,0.0,3.47
1015,339,93,3,2.96,0.89,7.99
1016,339,40,1,5.56,0.0,5.56
1017,339,73,2,3.8,0.0,7.6
1018,340,80,1,7.03,0.0,7.03
1019,340,30,2,2.73,0.55,4.91
1020,340,127,2,7.2,0.0,14.4
1021,341,26,1,4.96,0.0,4.96
1022,341,76,3,3.14,0.0,9.42
1023,341,110,2,5.92,0.0,11.84
1024,342,52,4,4.07,0.0,16.28
1025,342,90,1,5.2,0.52,4.68
1026,342,100,1,6.69,0.33,6.36
1027,343,54,2,5.19,0.0,10.38
1028,343,104,3,3.88,0.0,11.64
1029,343,32,1,3.31,0.0,3.31
1030,344,80,1,7.03,0.0,7.03
1031,344,108,5,7.11,0.0,35.55
1032,344,27,2,12.72,2.54,22.9
1033,345,105,2,5.49,0.0,10.98
1034,345,30,1,2.73,0.0,2.73
1035,345,102,1,8.55,0.0,8.55
1036,346,102,1,8.55,0.86,7.69
1037,346,99,2,6.59,0.0,13.18
1038,346,32,3,3.31,0.0,9.93
1039,347,100,2,6.69,1.34,12.04
1040,347,133,2,1.51,0.0,3.02
1041,347,149,1,6.36,0.0,6.36
1042,348,129,1,3.28,0.16,3.12
1043,348,126,1,3.7,0.0,3.7
1044,348,6,2,4.46,0.45,8.47
1045,349,50,2,4.75,0.0,9.5
1046,349,131,1,5.73,0.0,5.73
1047,349,77,1,6.44,0.32,6.12
1048,350,4,3,14.05,2.11,40.04
1049,350,27,1,12.72,0.0,12.72
1050,350,129,1,3.28,0.0,3.28
1051,351,142,2,18.25,0.0,36.5
1052,351,68,1,3.01,0.0,3.01
1053,351,63,2,6.1,0.0,12.2
1054,352,37,2,1.1,0.0,2.2
1055,352,28,2,4.12,0.0,8.24
1056,352,30,1,2.73,0.0,2.73
1057,353,114,1,4.66,0.0,4.66
1058,353,134,1,5.6,0.0,5.6
1059,353,62,1,3.61,0.0,3.61
1060,354,110,2,5.92,0.0,11.84
1061,354,4,2,14.05,0.0,28.1
1062,354,57,1,4.15,0.0,4.15
1063,355,54,4,5.19,0.0,20.76
1064,355,9,2,7.17,0.0,14.34
1065,355,53,2,4.77,0.0,9.54
1066,356,36,1,8.03,0.0,8.03
1067,356,138,2,1.98,0.0,3.96
1068,356,105,1,5.49,0.0,5.49
1069,357,83,2,6.1,0.0,12.2
1070,357,89,2,4.57,0.91,8.23
1071,357,56,2,6.59,0.0,13.18
1072,358,129,1,3.28,0.16,3.12
1073,358,105,3,5.49,0.0,16.47
1074,358,7,1,4.26,0.0,4.26
1075,359,57,1,4.15,0.21,3.94
1076,359,78,1,6.68,0.67,6.01
1077,359,30,2,2.73,0.0,5.46
1078,360,62,1,3.61,0.0,3.61
1079,360,16,1,8.85,0.0,8.85
1080,360,6,2,4.46,0.0,8.92
1081,361,1,3,6.24,0.0,18.72
1082,361,2,1,3.76,0.0,3.76
1083,361,49,3,1.02,0.0,3.06
1084,362,140,1,3.12,0.0,3.12
1085,362,114,3,4.66,0.0,13.98
1086,362,90,2,5.2,0.0,10.4
1087,363,76,2,3.14,0.31,5.97
1088,363,25,2,3.35,0.0,6.7
1089,363,60,1,4.85,0.0,4.85
1090,364,145,1,1.45,0.0,1.45
1091,364,42,1,3.04,0.0,3.04
1092,364,121,1,1.04,0.0,1.04
1093,365,37,3,1.1,0.0,3.3
1094,365,134,3,5.6,0.0,16.8
1095,365,104,3,3.88,0.0,11.64
1096,366,57,1,4.15,0.0,4.15
1097,366,104,2,3.88,0.0,7.76
1098,366,78,1,6.68,0.67,6.01
1099,367,31,2,5.07,0.51,9.63
1100,367,140,2,3.12,0.31,5.93
1101,367,51,2,18.54,0.0,37.08
1102,368,6,2,4.46,0.0,8.92
1103,368,37,1,1.1,0.0,1.1
1104,368,150,1,5.23,0.0,5.23
1105,369,12,1,5.98,0.0,5.98
1106,369,125,4,3.47,1.39,12.49
1107,369,80,2,7.03,0.0,14.06
1108,370,129,4,3.28,0.0,13.12
1109,370,33,5,4.88,0.0,24.4
1110,370,37,1,1.1,0.0,1.1
1111,371,54,2,5.19,0.0,10.38
1112,371,1,2,6.24,0.0,12.48
1113,371,112,2,4.79,0.0,9.58
1114,372,86,1,6.45,0.0,6.45
1115,372,57,5,4.15,2.08,18.67
1116,372,43,2,6.63,0.0,13.26
1117,373,149,4,6.36,0.0,25.44
1118,373,145,3,1.45,0.0,4.35
1119,373,105,1,5.49,0.0,5.49
1120,374,97,2,3.24,0.0,6.48
1121,374,76,1,3.14,0.0,3.14
1122,374,78,1,6.68,0.33,6.35
1123,375,13,3,2.91,0.44,8.29
1124,375,128,4,3.68,0.74,13.98
1125,375,76,2,3.14,0.31,5.97
1126,376,115,1,12.88,0.0,12.88
1127,376,18,2,6.74,0.0,13.48
1128,376,109,3,4.66,0.0,13.98
1129,377,48,2,10.05,0.0,20.1
1130,377,144,3,4.6,0.0,13.8
1131,377,139,2,10.31,0.0,20.62
1132,378,6,2,4.46,0.0,8.92
1133,378,126,2,3.7,0.0,7.4
1134,378,127,2,7.2,0.0,14.4
1135,379,6,1,4.46,0.0,4.46
1136,379,93,1,2.96,0.0,2.96
1137,379,144,2,4.6,0.0,9.2
1138,380,133,3,1.51,0.0,4.53
1139,380,17,2,2.68,0.0,5.36
1140,380,14,2,3.08,0.0,6.16
1141,381,56,1,6.59,0.0,6.59
1142,381,91,2,7.23,0.0,14.46
1143,381,5,3,5.9,0.0,17.7
1144,382,54,1,5.19,0.0,5.19
1145,382,30,1,2.73,0.0,2.73
1146,382,9,1,7.17,0.0,7.17
1147,383,102,2,8.55,1.71,15.39
1148,383,96,1,5.31,0.0,5.31
1149,383,92,2,2.61,0.0,5.22
1150,384,27,1,12.72,0.0,12.72
1151,384,68,2,3.01,0.0,6.02
1152,384,80,1,7.03,0.0,7.03
1153,385,10,2,14.11,2.82,25.4
1154,385,74,2,3.36,0.0,6.72
1155,385,7,2,4.26,0.0,8.52
1156,386,102,2,8.55,1.71,15.39
1157,386,77,3,6.44,0.0,19.32
1158,386,150,1,5.23,0.0,5.23
1159,387,122,5,4.09,0.0,20.45
1160,387,16,3,8.85,0.0,26.55
1161,387,148,3,9.52,2.86,25.7
1162,388,125,1,3.47,0.0,3.47
1163,388,87,1,8.11,0.0,8.11
1164,388,138,1,1.98,0.0,1.98
1165,389,9,1,7.17,0.72,6.45
1166,389,45,2,6.23,0.0,12.46
1167,389,125,2,3.47,0.0,6.94
1168,390,108,2,7.11,0.0,14.22
1169,390,129,1,3.28,0.0,3.28
1170,390,13,3,2.91,0.0,8.73
1171,391,25,4,3.35,0.0,13.4
1172,391,150,4,5.23,2.09,18.83
1173,391,26,1,4.96,0.0,4.96
1174,392,84,3,7.38,0.0,22.14
1175,392,61,1,0.72,0.0,0.72
1176,392,33,1,4.88,0.0,4.88
1177,393,93,1,2.96,0.0,2.96
1178,393,117,3,3.08,0.0,9.24
1179,393,78,1,6.68,0.0,6.68
1180,394,90,1,5.2,0.0,5.2
1181,394,20,2,1.57,0.0,3.14
1182,394,138,2,1.98,0.0,3.96
1183,395,9,1,7.17,0.0,7.17
1184,395,76,1,3.14,0.0,3.14
1185,395,66,4,8.85,3.54,31.86
1186,396,40,1,5.56,0.0,5.56
1187,396,62,1,3.61,0.0,3.61
1188,396,56,1,6.59,0.0,6.59
1189,397,124,1,4.59,0.0,4.59
1190,397,5,1,5.9,0.0,5.9
1191,397,19,1,8.09,0.0,8.09
1192,398,76,1,3.14,0.16,2.98
1193,398,12,1,5.98,0.0,5.98
1194,398,117,1,3.08,0.0,3.08
1195,399,103,1,3.2,0.0,3.2
1196,399,61,2,0.72,0.0,1.44
1197,399,2,4,3.76,1.5,13.54
1198,400,27,2,12.72,0.0,25.44
1199,400,30,1,2.73,0.0,2.73
1200,400,1,4,6.24,0.0,24.96
1201,401,21,1,5.04,0.5,4.54
1202,401,61,2,0.72,0.0,1.44
1203,401,49,2,1.02,0.0,2.04
1204,402,63,1,6.1,0.0,6.1
1205,402,88,2,5.74,0.0,11.48
1206,402,124,1,4.59,0.46,4.13
1207,403,67,1,5.57,0.0,5.57
1208,403,25,1,3.35,0.0,3.35
1209,403,138,2,1.98,0.4,3.56
1210,404,26,2,4.96,0.0,9.92
1211,404,80,2,7.03,0.0,14.06
1212,404,114,1,4.66,0.0,4.66
1213,405,1,3,6.24,0.0,18.72
1214,405,21,4,5.04,1.01,19.15
1215,405,81,3,3.87,0.58,11.03
1216,406,43,1,6.63,0.0,6.63
1217,406,23,2,8.47,0.0,16.94
1218,406,30,2,2.73,0.0,5.46
1219,407,141,1,5.03,0.0,5.03
1220,407,64,1,7.64,0.0,7.64
1221,407,146,1,5.93,0.0,5.93
1222,408,98,1,5.0,0.0,5.0
1223,408,135,1,5.36,0.0,5.36
1224,408,85,1,3.63,0.0,3.63
1225,409,134,1,5.6,0.0,5.6
1226,409,82,2,8.4,0.0,16.8
1227,409,21,4,5.04,0.0,20.16
1228,410,25,1,3.35,0.0,3.35
1229,410,14,3,3.08,0.0,9.24
1230,410,30,1,2.73,0.0,2.73
1231,411,129,1,3.28,0.0,3.28
1232,411,149,3,6.36,0.0,19.08
1233,411,45,2,6.23,0.0,12.46
1234,412,109,4,4.66,0.93,17.71
1235,412,128,1,3.68,0.18,3.5
1236,412,74,1,3.36,0.0,3.36
1237,413,61,2,0.72,0.0,1.44
1238,413,85,2,3.63,0.0,7.26
1239,413,66,5,8.85,0.0,44.25
1240,414,42,2,3.04,0.0,6.08
1241,414,78,2,6.68,0.0,13.36
1242,414,52,1,4.07,0.2,3.87
1243,415,136,1,4.99,0.25,4.74
1244,415,9,5,7.17,0.0,35.85
1245,415,56,4,6.59,0.0,26.36
1246,416,54,3,5.19,0.0,15.57
1247,416,118,2,14.15,0.0,28.3
1248,416,61,1,0.72,0.0,0.72
1249,417,78,1,6.68,0.0,6.68
1250,417,115,2,12.88,0.0,25.76
1251,417,1,3,6.24,0.0,18.72
1252,418,124,5,4.59,0.0,22.95
1253,418,140,1,3.12,0.0,3.12
1254,418,81,1,3.87,0.0,3.87
1255,419,39,1,6.98,0.0,6.98
1256,419,54,2,5.19,0.0,10.38
1257,419,97,1,3.24,0.0,3.24
1258,420,114,2,4.66,0.0,9.32
1259,420,112,3,4.79,0.0,14.37
1260,420,18,1,6.74,0.67,6.07
1261,421,102,2,8.55,0.0,17.1
1262,421,126,3,3.7,0.0,11.1
1263,421,89,2,4.57,0.0,9.14
1264,422,54,2,5.19,0.0,10.38
1265,422,30,2,2.73,0.27,5.19
1266,422,74,2,3.36,0.0,6.72
1267,423,3,1,34.33,0.0,34.33
1268,423,66,1,8.85,0.89,7.96
1269,423,2,2,3.76,0.0,7.52
1270,424,149,2,6.36,0.0,12.72
1271,424,26,3,4.96,0.0,14.88
1272,424,78,1,6.68,0.0,6.68
1273,425,110,3,5.92,0.0,17.76
1274,425,45,3,6.23,0.0,18.69
1275,425,141,3,5.03,0.0,15.09
1276,426,124,1,4.59,0.0,4.59
1277,426,26,2,4.96,0.0,9.92
1278,426,136,1,4.99,0.5,4.49
1279,427,140,1,3.12,0.0,3.12
1280,427,2,1,3.76,0.0,3.76
1281,427,14,1,3.08,0.0,3.08
1282,428,102,1,8.55,0.43,8.12
1283,428,21,1,5.04,0.0,5.04
1284,428,85,1,3.63,0.0,3.63
1285,429,13,1,2.91,0.0,2.91
1286,429,33,2,4.88,0.0,9.76
1287,429,62,4,3.61,0.0,14.44
1288,430,51,2,18.54,0.0,37.08
1289,430,8,1,14.34,0.0,14.34
1290,430,42,1,3.04,0.0,3.04
1291,431,145,1,1.45,0.0,1.45
1292,431,48,2,10.05,0.0,20.1
1293,431,150,1,5.23,0.0,5.23
1294,432,57,1,4.15,0.0,4.15
1295,432,80,1,7.03,0.0,7.03
1296,432,112,1,4.79,0.0,4.79
1297,433,98,1,5.0,0.0,5.0
1298,433,108,2,7.11,0.0,14.22
1299,433,3,2,34.33,0.0,68.66
1300,434,85,1,3.63,0.0,3.63
1301,434,56,2,6.59,0.0,13.18
1302,434,69,2,4.65,0.47,8.83
1303,435,92,1,2.61,0.0,2.61
1304,435,6,1,4.46,0.0,4.46
1305,435,110,2,5.92,0.0,11.84
1306,436,129,1,3.28,0.0,3.28
1307,436,110,2,5.92,0.0,11.84
1308,436,59,2,4.6,0.0,9.2
1309,437,45,3,6.23,0.0,18.69
1310,437,136,1,4.99,0.0,4.99
1311,437,53,1,4.77,0.0,4.77
1312,438,101,1,9.87,0.0,9.87
1313,438,39,1,6.98,0.0,6.98
1314,438,50,2,4.75,0.0,9.5
1315,439,114,3,4.66,0.0,13.98
1316,439,18,1,6.74,0.0,6.74
1317,439,38,2,2.61,0.0,5.22
1318,440,68,1,3.01,0.3,2.71
1319,440,118,2,14.15,0.0,28.3
1320,440,86,3,6.45,0.0,19.35
1321,441,114,2,4.66,0.47,8.85
1322,441,124,1,4.59,0.0,4.59
1323,441,54,1,5.19,0.0,5.19
1324,442,92,2,2.61,0.0,5.22
1325,442,120,1,9.96,0.0,9.96
1326,442,56,2,6.59,0.0,13.18
1327,443,21,2,5.04,0.0,10.08
1328,443,40,2,5.56,0.0,11.12
1329,443,75,2,15.76,0.0,31.52
1330,444,57,1,4.15,0.0,4.15
1331,444,139,1,10.31,0.0,10.31
1332,444,134,3,5.6,0.0,16.8
1333,445,97,2,3.24,0.0,6.48
1334,445,8,2,14.34,0.0,28.68
1335,445,136,1,4.99,0.0,4.99
1336,446,45,2,6.23,0.62,11.84
1337,446,40,2,5.56,0.56,10.56
1338,446,128,1,3.68,0.0,3.68
1339,447,65,2,6.08,0.0,12.16
1340,447,105,2,5.49,0.0,10.98
1341,447,49,3,1.02,0.0,3.06
1342,448,28,3,4.12,0.0,12.36
1343,448,97,2,3.24,0.0,6.48
1344,448,50,2,4.75,0.0,9.5
1345,449,18,3,6.74,0.0,20.22
1346,449,109,4,4.66,0.0,18.64
1347,449,117,3,3.08,0.0,9.24
1348,450,8,3,14.34,0.0,43.02
1349,450,43,2,6.63,0.0,13.26
1350,450,80,2,7.03,0.0,14.06
1351,451,93,2,2.96,0.0,5.92
1352,451,135,1,5.36,0.0,5.36
1353,451,145,4,1.45,0.0,5.8
1354,452,102,1,8.55,0.43,8.12
1355,452,116,3,1.97,0.0,5.91
1356,452,25,3,3.35,0.0,10.05
1357,453,125,1,3.47,0.17,3.3
1358,453,78,1,6.68,0.0,6.68
1359,453,89,2,4.57,0.91,8.23
1360,454,124,1,4.59,0.0,4.59
1361,454,9,3,7.17,0.0,21.51
1362,454,82,2,8.4,0.0,16.8
1363,455,136,1,4.99,0.0,4.99
1364,455,49,2,1.02,0.0,2.04
1365,455,102,1,8.55,0.0,8.55
1366,456,92,2,2.61,0.0,5.22
1367,456,72,2,7.93,0.0,15.86
1368,456,109,1,4.66,0.0,4.66
1369,457,5,1,5.9,0.0,5.9
1370,457,132,1,7.93,0.0,7.93
1371,457,33,2,4.88,0.0,9.76
1372,458,6,3,4.46,0.0,13.38
1373,458,13,1,2.91,0.0,2.91
1374,458,60,3,4.85,0.0,14.55
1375,459,50,1,4.75,0.0,4.75
1376,459,121,2,1.04,0.0,2.08
1377,459,49,1,1.02,0.0,1.02
1378,460,126,1,3.7,0.0,3.7
1379,460,149,2,6.36,0.64,12.08
1380,460,60,3,4.85,0.0,14.55
1381,461,146,1,5.93,0.0,5.93
1382,461,61,2,0.72,0.0,1.44
1383,461,85,2,3.63,0.0,7.26
1384,462,69,1,4.65,0.0,4.65
1385,462,33,1,4.88,0.0,4.88
1386,462,78,1,6.68,0.67,6.01
1387,463,26,3,4.96,0.0,14.88
1388,463,129,3,3.28,0.0,9.84
1389,463,75,1,15.76,0.0,15.76
1390,464,134,1,5.6,0.0,5.6
1391,464,21,1,5.04,0.5,4.54
1392,464,113,1,4.13,0.41,3.72
1393,465,96,3,5.31,0.0,15.93
1394,465,65,2,6.08,1.22,10.94
1395,465,16,1,8.85,0.0,8.85
1396,466,149,2,6.36,0.0,12.72
1397,466,116,1,1.97,0.0,1.97
1398,466,112,1,4.79,0.24,4.55
1399,467,92,1,2.61,0.0,2.61
1400,467,81,1,3.87,0.0,3.87
1401,467,65,1,6.08,0.0,6.08
1402,468,126,2,3.7,0.0,7.4
1403,468,66,1,8.85,0.0,8.85
1404,468,145,1,1.45,0.0,1.45
1405,469,30,1,2.73,0.0,2.73
1406,469,101,1,9.87,0.0,9.87
1407,469,109,1,4.66,0.0,4.66
1408,470,57,1,4.15,0.0,4.15
1409,470,25,2,3.35,0.0,6.7
1410,470,92,1,2.61,0.0,2.61
1411,471,97,1,3.24,0.0,3.24
1412,471,107,2,2.77,0.0,5.54
1413,471,2,1,3.76,0.0,3.76
1414,472,104,1,3.88,0.0,3.88
1415,472,100,1,6.69,0.67,6.02
1416,472,121,1,1.04,0.0,1.04
1417,473,140,3,3.12,0.0,9.36
1418,473,72,2,7.93,0.0,15.86
1419,473,30,2,2.73,0.0,5.46
1420,474,55,1,7.22,0.0,7.22
1421,474,149,1,6.36,0.32,6.04
1422,474,126,1,3.7,0.0,3.7
1423,475,97,1,3.24,0.0,3.24
1424,475,101,2,9.87,0.0,19.74
1425,475,147,1,5.77,0.0,5.77
1426,476,55,1,7.22,0.0,7.22
1427,476,90,2,5.2,0.0,10.4
1428,476,129,1,3.28,0.0,3.28
1429,477,141,3,5.03,0.0,15.09
1430,477,16,5,8.85,0.0,44.25
1431,477,2,2,3.76,0.0,7.52
1432,478,117,1,3.08,0.0,3.08
1433,478,46,2,10.25,1.03,19.47
1434,478,53,1,4.77,0.48,4.29
1435,479,117,1,3.08,0.0,3.08
1436,479,103,1,3.2,0.0,3.2
1437,479,69,1,4.65,0.0,4.65
1438,480,29,1,6.81,0.34,6.47
1439,480,114,1,4.66,0.0,4.66
1440,480,75,2,15.76,0.0,31.52
1441,481,86,2,6.45,0.0,12.9
1442,481,51,2,18.54,0.0,37.08
1443,481,60,3,4.85,0.0,14.55
1444,482,128,5,3.68,0.0,18.4
1445,482,2,3,3.76,0.56,10.72
1446,482,81,1,3.87,0.0,3.87
1447,483,140,4,3.12,0.0,12.48
1448,483,128,2,3.68,0.0,7.36
1449,483,145,3,1.45,0.0,4.35
1450,484,76,4,3.14,0.0,12.56
1451,484,54,5,5.19,2.6,23.35
1452,484,141,3,5.03,0.0,15.09
1453,485,112,2,4.79,0.96,8.62
1454,485,150,2,5.23,1.05,9.41
1455,485,80,2,7.03,0.0,14.06
1456,486,134,3,5.6,0.0,16.8
1457,486,85,2,3.63,0.0,7.26
1458,486,57,2,4.15,0.0,8.3
1459,487,74,4,3.36,0.0,13.44
1460,487,93,1,2.96,0.0,2.96
1461,487,76,1,3.14,0.0,3.14
1462,488,89,3,4.57,0.0,13.71
1463,488,66,1,8.85,0.0,8.85
1464,488,150,2,5.23,0.0,10.46
1465,489,54,1,5.19,0.52,4.67
1466,489,6,1,4.46,0.0,4.46
1467,489,8,1,14.34,0.0,14.34
1468,490,112,1,4.79,0.0,4.79
1469,490,63,2,6.1,0.0,12.2
1470,490,109,1,4.66,0.0,4.66
1471,491,51,2,18.54,0.0,37.08
1472,491,81,2,3.87,0.0,7.74
1473,491,109,1,4.66,0.0,4.66
1474,492,124,1,4.59,0.46,4.13
1475,492,123,2,10.69,0.0,21.38
1476,492,112,3,4.79,0.0,14.37
1477,493,74,2,3.36,0.0,6.72
1478,493,77,1,6.44,0.0,6.44
1479,493,49,2,1.02,0.0,2.04
1480,494,122,1,4.09,0.0,4.09
1481,494,54,2,5.19,0.0,10.38
1482,494,93,1,2.96,0.0,2.96
1483,495,98,1,5.0,0.0,5.0
1484,495,79,1,4.87,0.0,4.87
1485,495,72,2,7.93,0.0,15.86
1486,496,102,2,8.55,0.0,17.1
1487,496,93,1,2.96,0.3,2.66
1488,496,90,1,5.2,0.0,5.2
1489,497,150,3,5.23,1.57,14.12
1490,497,56,4,6.59,0.0,26.36
1491,497,15,2,9.25,0.0,18.5
1492,498,140,3,3.12,0.0,9.36
1493,498,105,2,5.49,0.0,10.98
1494,498,3,2,34.33,0.0,68.66
1495,499,90,2,5.2,1.04,9.36
1496,499,12,4,5.98,0.0,23.92
1497,499,9,3,7.17,0.0,21.51
1498,500,18,1,6.74,0.0,6.74
1499,500,133,4,1.51,0.0,6.04
1500,500,122,3,4.09,0.0,12.27
1501,501,65,1,6.08,0.3,5.78
1502,501,11,1,6.23,0.0,6.23
1503,501,100,1,6.69,0.0,6.69
1504,502,90,1,5.2,0.52,4.68
1505,502,37,2,1.1,0.0,2.2
1506,502,74,1,3.36,0.0,3.36
1507,503,76,1,3.14,0.0,3.14
1508,503,48,1,10.05,0.0,10.05
1509,503,56,3,6.59,0.99,18.78
1510,504,84,1,7.38,0.0,7.38
1511,504,113,1,4.13,0.0,4.13
1512,504,69,1,4.65,0.0,4.65
1513,505,72,1,7.93,0.0,7.93
1514,505,89,1,4.57,0.23,4.34
1515,505,53,1,4.77,0.0,4.77
1516,506,69,2,4.65,0.93,8.37
1517,506,54,1,5.19,0.0,5.19
1518,506,80,4,7.03,0.0,28.12
1519,507,1,3,6.24,0.0,18.72
1520,507,145,1,1.45,0.0,1.45
1521,507,32,2,3.31,0.0,6.62
1522,508,149,4,6.36,2.54,22.9
1523,508,42,1,3.04,0.15,2.89
1524,508,36,3,8.03,0.0,24.09
1525,509,115,2,12.88,0.0,25.76
1526,509,105,2,5.49,1.1,9.88
1527,509,141,2,5.03,0.5,9.56
1528,510,14,1,3.08,0.0,3.08
1529,510,71,2,3.28,0.0,6.56
1530,510,77,3,6.44,0.0,19.32
1531,511,90,3,5.2,0.78,14.82
1532,511,85,1,3.63,0.0,3.63
1533,511,40,3,5.56,0.83,15.85
1534,512,89,1,4.57,0.23,4.34
1535,512,117,3,3.08,0.46,8.78
1536,512,66,2,8.85,0.0,17.7
1537,513,20,1,1.57,0.16,1.41
1538,513,92,1,2.61,0.0,2.61
1539,513,114,1,4.66,0.0,4.66
1540,514,6,1,4.46,0.0,4.46
1541,514,121,3,1.04,0.0,3.12
1542,514,124,2,4.59,0.92,8.26
1543,515,136,2,4.99,0.0,9.98
1544,515,5,2,5.9,0.0,11.8
1545,515,117,1,3.08,0.15,2.93
1546,516,110,1,5.92,0.0,5.92
1547,516,25,1,3.35,0.0,3.35
1548,516,73,1,3.8,0.0,3.8
1549,517,105,1,5.49,0.55,4.94
1550,517,24,1,8.36,0.0,8.36
1551,517,93,1,2.96,0.0,2.96
1552,518,27,1,12.72,0.0,12.72
1553,518,138,3,1.98,0.0,5.94
1554,518,33,1,4.88,0.0,4.88
1555,519,6,1,4.46,0.22,4.24
1556,519,53,1,4.77,0.24,4.53
1557,519,108,1,7.11,0.0,7.11
1558,520,111,2,17.56,0.0,35.12
1559,520,117,4,3.08,0.0,12.32
1560,520,15,2,9.25,0.0,18.5
1561,521,99,1,6.59,0.0,6.59
1562,521,48,1,10.05,0.0,10.05
1563,521,91,2,7.23,0.0,14.46
1564,522,78,3,6.68,2.0,18.04
1565,522,32,2,3.31,0.33,6.29
1566,522,147,2,5.77,0.0,11.54
1567,523,50,1,4.75,0.0,4.75
1568,523,147,1,5.77,0.0,5.77
1569,523,25,1,3.35,0.0,3.35
1570,524,6,1,4.46,0.22,4.24
1571,524,104,1,3.88,0.0,3.88
1572,524,78,1,6.68,0.0,6.68
1573,525,86,1,6.45,0.0,6.45
1574,525,110,1,5.92,0.0,5.92
1575,525,78,1,6.68,0.0,6.68
1576,526,98,4,5.0,0.0,20.0
1577,526,13,4,2.91,0.0,11.64
1578,526,66,5,8.85,0.0,44.25
1579,527,141,1,5.03,0.0,5.03
1580,527,30,2,2.73,0.0,5.46
1581,527,13,1,2.91,0.0,2.91
1582,528,138,1,1.98,0.0,1.98
1583,528,122,3,4.09,0.0,12.27
1584,528,137,1,4.41,0.22,4.19
1585,529,146,5,5.93,0.0,29.65
1586,529,97,2,3.24,0.32,6.16
1587,529,57,1,4.15,0.0,4.15
1588,530,103,2,3.2,0.0,6.4
1589,530,117,5,3.08,0.77,14.63
1590,530,99,2,6.59,0.0,13.18
1591,531,9,2,7.17,0.72,13.62
1592,531,37,1,1.1,0.0,1.1
1593,531,116,1,1.97,0.0,1.97
1594,532,37,2,1.1,0.0,2.2
1595,532,32,2,3.31,0.0,6.62
1596,532,14,3,3.08,0.0,9.24
1597,533,138,1,1.98,0.1,1.88
1598,533,33,1,4.88,0.0,4.88
1599,533,70,2,14.03,0.0,28.06
1600,534,21,4,5.04,1.01,19.15
1601,534,19,2,8.09,0.0,16.18
1602,534,52,1,4.07,0.0,4.07
1603,535,54,1,5.19,0.0,5.19
1604,535,57,2,4.15,0.0,8.3
1605,535,141,1,5.03,0.0,5.03
1606,536,30,4,2.73,0.0,10.92
1607,536,38,3,2.61,0.0,7.83
1608,536,97,4,3.24,0.0,12.96
1609,537,101,1,9.87,0.99,8.88
1610,537,54,1,5.19,0.0,5.19
1611,537,49,4,1.02,0.0,4.08
1612,538,41,2,6.75,0.0,13.5
1613,538,144,1,4.6,0.0,4.6
1614,538,123,1,10.69,0.0,10.69
1615,539,96,3,5.31,0.0,15.93
1616,539,50,2,4.75,0.0,9.5
1617,539,13,3,2.91,0.0,8.73
1618,540,76,2,3.14,0.63,5.65
1619,540,114,1,4.66,0.23,4.43
1620,540,101,5,9.87,2.47,46.88
1621,541,109,2,4.66,0.0,9.32
1622,541,66,1,8.85,0.0,8.85
1623,541,49,1,1.02,0.0,1.02
1624,542,135,2,5.36,0.0,10.72
1625,542,53,1,4.77,0.48,4.29
1626,542,73,1,3.8,0.0,3.8
1627,543,47,1,5.41,0.0,5.41
1628,543,89,1,4.57,0.0,4.57
1629,543,104,1,3.88,0.0,3.88
1630,544,24,1,8.36,0.0,8.36
1631,544,96,2,5.31,0.0,10.62
1632,544,111,1,17.56,0.0,17.56
1633,545,81,1,3.87,0.0,3.87
1634,545,42,5,3.04,0.0,15.2
1635,545,25,2,3.35,0.0,6.7
1636,546,125,1,3.47,0.0,3.47
1637,546,129,2,3.28,0.0,6.56
1638,546,141,1,5.03,0.0,5.03
1639,547,21,5,5.04,0.0,25.2
1640,547,51,2,18.54,0.0,37.08
1641,547,1,3,6.24,0.94,17.78
1642,548,74,2,3.36,0.0,6.72
1643,548,93,2,2.96,0.0,5.92
1644,548,50,3,4.75,0.0,14.25
1645,549,87,1,8.11,0.0,8.11
1646,549,21,2,5.04,1.01,9.07
1647,549,24,1,8.36,0.0,8.36
1648,550,28,1,4.12,0.0,4.12
1649,550,140,3,3.12,0.0,9.36
1650,550,44,1,5.04,0.0,5.04
1651,551,92,2,2.61,0.0,5.22
1652,551,148,1,9.52,0.0,9.52
1653,551,1,4,6.24,0.0,24.96
1654,552,2,1,3.76,0.0,3.76
1655,552,105,1,5.49,0.27,5.22
1656,552,54,1,5.19,0.26,4.93
1657,553,97,4,3.24,0.65,12.31
1658,553,24,3,8.36,0.0,25.08
1659,553,13,3,2.91,0.0,8.73
1660,554,141,1,5.03,0.5,4.53
1661,554,50,1,4.75,0.0,4.75
1662,554,2,1,3.76,0.0,3.76
1663,555,61,1,0.72,0.0,0.72
1664,555,102,1,8.55,0.0,8.55
1665,555,54,1,5.19,0.26,4.93
1666,556,14,1,3.08,0.0,3.08
1667,556,136,1,4.99,0.25,4.74
1668,556,49,2,1.02,0.0,2.04
1669,557,121,5,1.04,0.0,5.2
1670,557,117,5,3.08,0.0,15.4
1671,557,15,2,9.25,0.0,18.5
1672,558,33,1,4.88,0.49,4.39
1673,558,26,3,4.96,0.0,14.88
1674,558,74,2,3.36,0.0,6.72
1675,559,9,1,7.17,0.0,7.17
1676,559,140,2,3.12,0.0,6.24
1677,559,38,1,2.61,0.0,2.61
1678,560,141,4,5.03,0.0,20.12
1679,560,6,1,4.46,0.0,4.46
1680,560,133,4,1.51,0.0,6.04
1681,561,4,2,14.05,0.0,28.1
1682,561,20,4,1.57,0.0,6.28
1683,561,129,2,3.28,0.66,5.9
1684,562,129,3,3.28,0.49,9.35
1685,562,70,1,14.03,0.0,14.03
1686,562,38,1,2.61,0.0,2.61
1687,563,114,3,4.66,0.0,13.98
1688,563,34,2,11.32,0.0,22.64
1689,563,133,4,1.51,0.0,6.04
1690,564,117,1,3.08,0.15,2.93
1691,564,125,1,3.47,0.0,3.47
1692,564,13,1,2.91,0.0,2.91
1693,565,126,3,3.7,1.11,9.99
1694,565,21,4,5.04,0.0,20.16
1695,565,60,1,4.85,0.0,4.85
1696,566,39,2,6.98,0.0,13.96
1697,566,112,3,4.79,0.0,14.37
1698,566,77,4,6.44,0.0,25.76
1699,567,16,5,8.85,0.0,44.25
1700,567,33,5,4.88,0.0,24.4
1701,567,64,2,7.64,1.53,13.75
1702,568,42,2,3.04,0.0,6.08
1703,568,86,2,6.45,0.0,12.9
1704,568,107,1,2.77,0.0,2.77
1705,569,146,1,5.93,0.0,5.93
1706,569,141,2,5.03,0.5,9.56
1707,569,57,2,4.15,0.0,8.3
1708,570,128,1,3.68,0.0,3.68
1709,570,2,1,3.76,0.0,3.76
1710,570,21,3,5.04,0.0,15.12
1711,571,30,2,2.73,0.0,5.46
1712,571,42,1,3.04,0.15,2.89
1713,571,121,1,1.04,0.0,1.04
1714,572,102,3,8.55,0.0,25.65
1715,572,104,1,3.88,0.0,3.88
1716,572,79,2,4.87,0.0,9.74
1717,573,135,2,5.36,0.0,10.72
1718,573,18,1,6.74,0.0,6.74
1719,573,61,1,0.72,0.0,0.72
1720,574,78,3,6.68,0.0,20.04
1721,574,120,1,9.96,0.0,9.96
1722,574,51,2,18.54,0.0,37.08
1723,575,6,1,4.46,0.0,4.46
1724,575,80,3,7.03,0.0,21.09
1725,575,134,1,5.6,0.0,5.6
1726,576,73,2,3.8,0.0,7.6
1727,576,71,1,3.28,0.0,3.28
1728,576,61,1,0.72,0.0,0.72
1729,577,44,2,5.04,0.0,10.08
1730,577,72,1,7.93,0.0,7.93
1731,577,111,2,17.56,0.0,35.12
1732,578,6,3,4.46,0.0,13.38
1733,578,32,1,3.31,0.0,3.31
1734,578,74,1,3.36,0.0,3.36
1735,579,133,1,1.51,0.0,1.51
1736,579,121,2,1.04,0.0,2.08
1737,579,95,1,3.44,0.0,3.44
1738,580,57,1,4.15,0.0,4.15
1739,580,81,1,3.87,0.0,3.87
1740,580,70,1,14.03,0.0,14.03
1741,581,10,2,14.11,0.0,28.22
1742,581,141,2,5.03,0.0,10.06
1743,581,122,3,4.09,0.0,12.27
1744,582,93,1,2.96,0.0,2.96
1745,582,111,1,17.56,0.0,17.56
1746,582,135,2,5.36,0.0,10.72
1747,583,93,3,2.96,0.0,8.88
1748,583,103,2,3.2,0.0,6.4
1749,583,64,1,7.64,0.76,6.88
1750,584,111,1,17.56,0.0,17.56
1751,584,103,2,3.2,0.0,6.4
1752,584,90,1,5.2,0.0,5.2
1753,585,134,3,5.6,0.0,16.8
1754,585,92,1,2.61,0.0,2.61
1755,585,36,2,8.03,0.0,16.06
1756,586,38,2,2.61,0.0,5.22
1757,586,117,4,3.08,0.0,12.32
1758,586,18,3,6.74,1.01,19.21
1759,587,93,4,2.96,0.0,11.84
1760,587,110,3,5.92,0.89,16.87
1761,587,18,1,6.74,0.34,6.4
1762,588,9,2,7.17,0.0,14.34
1763,588,57,2,4.15,0.0,8.3
1764,588,30,4,2.73,1.09,9.83
1765,589,88,3,5.74,1.72,15.5
1766,589,82,2,8.4,0.0,16.8
1767,589,5,1,5.9,0.0,5.9
1768,590,114,4,4.66,0.0,18.64
1769,590,96,2,5.31,0.0,10.62
1770,590,129,2,3.28,0.0,6.56
1771,591,18,2,6.74,0.0,13.48
1772,591,88,2,5.74,1.15,10.33
1773,591,114,2,4.66,0.0,9.32
1774,592,74,4,3.36,0.0,13.44
1775,592,47,2,5.41,0.0,10.82
1776,592,1,1,6.24,0.0,6.24
1777,593,135,2,5.36,0.0,10.72
1778,593,60,3,4.85,0.0,14.55
1779,593,78,2,6.68,0.0,13.36
1780,594,105,3,5.49,0.0,16.47
1781,594,89,2,4.57,0.91,8.23
1782,594,90,1,5.2,0.0,5.2
1783,595,150,2,5.23,0.52,9.94
1784,595,147,1,5.77,0.0,5.77
1785,595,23,2,8.47,0.0,16.94
1786,596,9,3,7.17,1.08,20.43
1787,596,113,4,4.13,0.0,16.52
1788,596,120,1,9.96,0.0,9.96
1789,597,6,5,4.46,1.11,21.19
1790,597,53,3,4.77,0.0,14.31
1791,597,108,4,7.11,0.0,28.44
1792,598,114,1,4.66,0.47,4.19
1793,598,9,1,7.17,0.0,7.17
1794,598,112,1,4.79,0.48,4.31
1795,599,86,1,6.45,0.0,6.45
1796,599,150,3,5.23,0.0,15.69
1797,599,107,1,2.77,0.0,2.77
1798,600,137,1,4.41,0.0,4.41
1799,600,131,1,5.73,0.0,5.73
1800,600,36,3,8.03,0.0,24.09
1801,601,124,3,4.59,0.0,13.77
1802,601,57,1,4.15,0.0,4.15
1803,601,97,2,3.24,0.0,6.48
1804,602,76,1,3.14,0.0,3.14
1805,602,134,1,5.6,0.0,5.6
1806,602,2,1,3.76,0.0,3.76
1807,603,3,1,34.33,0.0,34.33
1808,603,113,2,4.13,0.83,7.43
1809,603,5,3,5.9,0.0,17.7
1810,604,108,1,7.11,0.0,7.11
1811,604,122,2,4.09,0.0,8.18
1812,604,66,1,8.85,0.0,8.85
1813,605,4,2,14.05,0.0,28.1
1814,605,45,1,6.23,0.0,6.23
1815,605,25,2,3.35,0.0,6.7
1816,606,21,1,5.04,0.0,5.04
1817,606,129,3,3.28,0.0,9.84
1818,606,122,3,4.09,0.0,12.27
1819,607,114,1,4.66,0.23,4.43
1820,607,122,2,4.09,0.0,8.18
1821,607,38,2,2.61,0.0,5.22
1822,608,42,1,3.04,0.15,2.89
1823,608,121,1,1.04,0.0,1.04
1824,608,54,1,5.19,0.0,5.19
1825,609,40,3,5.56,0.0,16.68
1826,609,142,2,18.25,0.0,36.5
1827,609,90,1,5.2,0.0,5.2
1828,610,109,1,4.66,0.0,4.66
1829,610,77,2,6.44,0.0,12.88
1830,610,79,1,4.87,0.0,4.87
1831,611,49,2,1.02,0.0,2.04
1832,611,21,1,5.04,0.25,4.79
1833,611,32,3,3.31,0.0,9.93
1834,612,50,3,4.75,0.0,14.25
1835,612,81,1,3.87,0.19,3.68
1836,612,8,1,14.34,0.0,14.34
1837,613,38,1,2.61,0.0,2.61
1838,613,117,1,3.08,0.0,3.08
1839,613,66,1,8.85,0.0,8.85
1840,614,39,2,6.98,0.0,13.96
1841,614,24,2,8.36,0.0,16.72
1842,614,145,1,1.45,0.0,1.45
1843,615,135,2,5.36,0.0,10.72
1844,615,90,1,5.2,0.0,5.2
1845,615,49,1,1.02,0.0,1.02
1846,616,66,1,8.85,0.89,7.96
1847,616,72,4,7.93,0.0,31.72
1848,616,1,2,6.24,0.0,12.48
1849,617,89,1,4.57,0.0,4.57
1850,617,49,1,1.02,0.0,1.02
1851,617,57,1,4.15,0.0,4.15
1852,618,41,1,6.75,0.0,6.75
1853,618,8,1,14.34,0.0,14.34
1854,618,5,2,5.9,0.0,11.8
1855,619,105,1,5.49,0.55,4.94
1856,619,90,3,5.2,0.0,15.6
1857,619,135,1,5.36,0.0,5.36
1858,620,16,1,8.85,0.0,8.85
1859,620,150,1,5.23,0.52,4.71
1860,620,112,1,4.79,0.0,4.79
1861,621,145,1,1.45,0.0,1.45
1862,621,113,2,4.13,0.0,8.26
1863,621,59,1,4.6,0.0,4.6
1864,622,27,1,12.72,0.0,12.72
1865,622,12,1,5.98,0.0,5.98
1866,622,20,2,1.57,0.0,3.14
1867,623,121,2,1.04,0.0,2.08
1868,623,37,2,1.1,0.0,2.2
1869,623,24,1,8.36,0.0,8.36
1870,624,145,2,1.45,0.0,2.9
1871,624,42,2,3.04,0.61,5.47
1872,624,37,1,1.1,0.0,1.1
1873,625,78,1,6.68,0.67,6.01
1874,625,129,1,3.28,0.0,3.28
1875,625,61,2,0.72,0.0,1.44
1876,626,105,4,5.49,0.0,21.96
1877,626,112,2,4.79,0.0,9.58
1878,626,8,1,14.34,0.0,14.34
1879,627,62,1,3.61,0.0,3.61
1880,627,78,3,6.68,0.0,20.04
1881,627,125,2,3.47,0.0,6.94
1882,628,54,3,5.19,0.0,15.57
1883,628,25,2,3.35,0.0,6.7
1884,628,95,1,3.44,0.0,3.44
1885,629,18,2,6.74,0.0,13.48
1886,629,69,1,4.65,0.47,4.18
1887,629,141,2,5.03,0.0,10.06
1888,630,140,2,3.12,0.62,5.62
1889,630,137,1,4.41,0.0,4.41
1890,630,72,2,7.93,1.59,14.27
1891,631,17,1,2.68,0.27,2.41
1892,631,140,2,3.12,0.0,6.24
1893,631,52,1,4.07,0.0,4.07
1894,632,109,1,4.66,0.0,4.66
1895,632,57,1,4.15,0.0,4.15
1896,632,126,3,3.7,0.0,11.1
1897,633,122,2,4.09,0.0,8.18
1898,633,51,1,18.54,0.0,18.54
1899,633,105,1,5.49,0.0,5.49
1900,634,85,2,3.63,0.0,7.26
1901,634,114,2,4.66,0.0,9.32
1902,634,20,1,1.57,0.0,1.57
1903,635,29,2,6.81,0.0,13.62
1904,635,76,1,3.14,0.0,3.14
1905,635,110,3,5.92,0.0,17.76
1906,636,69,2,4.65,0.93,8.37
1907,636,85,2,3.63,0.0,7.26
1908,636,121,2,1.04,0.0,2.08
1909,637,18,1,6.74,0.0,6.74
1910,637,6,2,4.46,0.0,8.92
1911,637,114,1,4.66,0.23,4.43
1912,638,95,2,3.44,0.0,6.88
1913,638,65,1,6.08,0.0,6.08
1914,638,49,2,1.02,0.0,2.04
1915,639,18,1,6.74,0.0,6.74
1916,639,6,1,4.46,0.45,4.01
1917,639,98,1,5.0,0.0,5.0
1918,640,117,3,3.08,0.0,9.24
1919,640,133,3,1.51,0.0,4.53
1920,640,94,2,7.89,0.0,15.78
1921,641,60,1,4.85,0.0,4.85
1922,641,5,1,5.9,0.0,5.9
1923,641,2,1,3.76,0.0,3.76
1924,642,63,1,6.1,0.0,6.1
1925,642,145,2,1.45,0.0,2.9
1926,642,74,1,3.36,0.0,3.36
1927,643,81,2,3.87,0.0,7.74
1928,643,117,4,3.08,0.62,11.7
1929,643,23,1,8.47,0.0,8.47
1930,644,104,3,3.88,0.0,11.64
1931,644,33,1,4.88,0.24,4.64
1932,644,50,2,4.75,0.0,9.5
1933,645,113,2,4.13,0.0,8.26
1934,645,54,1,5.19,0.0,5.19
1935,645,47,1,5.41,0.0,5.41
1936,646,110,1,5.92,0.0,5.92
1937,646,98,3,5.0,0.0,15.0
1938,646,122,1,4.09,0.0,4.09
1939,647,138,1,1.98,0.0,1.98
1940,647,81,1,3.87,0.19,3.68
1941,647,14,2,3.08,0.0,6.16
1942,648,5,1,5.9,0.0,5.9
1943,648,6,3,4.46,0.67,12.71
1944,648,87,2,8.11,0.0,16.22
1945,649,2,2,3.76,0.0,7.52
1946,649,19,1,8.09,0.0,8.09
1947,649,92,3,2.61,0.0,7.83
1948,650,9,1,7.17,0.0,7.17
1949,650,76,2,3.14,0.63,5.65
1950,650,113,3,4.13,0.0,12.39
1951,651,121,1,1.04,0.0,1.04
1952,651,42,2,3.04,0.3,5.78
1953,651,133,2,1.51,0.0,3.02
1954,652,29,1,6.81,0.34,6.47
1955,652,13,2,2.91,0.0,5.82
1956,652,38,2,2.61,0.0,5.22
1957,653,109,2,4.66,0.47,8.85
1958,653,6,2,4.46,0.0,8.92
1959,653,69,2,4.65,0.0,9.3
1960,654,129,1,3.28,0.33,2.95
1961,654,26,1,4.96,0.0,4.96
1962,654,37,1,1.1,0.0,1.1
1963,655,134,1,5.6,0.0,5.6
1964,655,86,1,6.45,0.0,6.45
1965,655,76,1,3.14,0.0,3.14
1966,656,126,1,3.7,0.0,3.7
1967,656,4,5,14.05,0.0,70.25
1968,656,140,1,3.12,0.0,3.12
1969,657,14,1,3.08,0.0,3.08
1970,657,102,3,8.55,0.0,25.65
1971,657,66,2,8.85,0.89,16.81
1972,658,66,1,8.85,0.89,7.96
1973,658,67,1,5.57,0.0,5.57
1974,658,53,2,4.77,0.48,9.06
1975,659,83,1,6.1,0.0,6.1
1976,659,63,2,6.1,0.0,12.2
1977,659,27,1,12.72,0.0,12.72
1978,660,31,2,5.07,0.0,10.14
1979,660,91,1,7.23,0.0,7.23
1980,660,51,2,18.54,0.0,37.08
1981,661,149,1,6.36,0.0,6.36
1982,661,110,1,5.92,0.0,5.92
1983,661,85,1,3.63,0.0,3.63
1984,662,52,2,4.07,0.0,8.14
1985,662,107,2,2.77,0.0,5.54
1986,662,49,2,1.02,0.0,2.04
1987,663,21,3,5.04,0.0,15.12
1988,663,110,2,5.92,0.0,11.84
1989,663,141,1,5.03,0.0,5.03
1990,664,90,1,5.2,0.52,4.68
1991,664,68,4,3.01,0.0,12.04
1992,664,5,3,5.9,0.0,17.7
1993,665,132,1,7.93,0.0,7.93
1994,665,117,1,3.08,0.0,3.08
1995,665,138,3,1.98,0.0,5.94
1996,666,53,1,4.77,0.24,4.53
1997,666,145,3,1.45,0.0,4.35
1998,666,43,2,6.63,0.0,13.26
1999,667,37,2,1.1,0.0,2.2
2000,667,39,1,6.98,0.0,6.98
2001,667,100,1,6.69,0.0,6.69
2002,668,126,3,3.7,0.0,11.1
2003,668,62,1,3.61,0.0,3.61
2004,668,11,1,6.23,0.0,6.23
2005,669,62,1,3.61,0.0,3.61
2006,669,77,1,6.44,0.0,6.44
2007,669,80,1,7.03,0.0,7.03
2008,670,135,1,5.36,0.0,5.36
2009,670,78,2,6.68,0.0,13.36
2010,670,105,2,5.49,0.0,10.98
2011,671,24,1,8.36,0.0,8.36
2012,671,56,2,6.59,0.0,13.18
2013,671,117,1,3.08,0.0,3.08
2014,672,123,2,10.69,0.0,21.38
2015,672,57,2,4.15,0.83,7.47
2016,672,145,2,1.45,0.0,2.9
2017,673,30,3,2.73,0.0,8.19
2018,673,97,3,3.24,0.0,9.72
2019,673,29,2,6.81,0.0,13.62
2020,674,105,1,5.49,0.27,5.22
2021,674,36,2,8.03,1.61,14.45
2022,674,45,1,6.23,0.0,6.23
2023,675,76,1,3.14,0.0,3.14
2024,675,125,2,3.47,0.0,6.94
2025,675,9,1,7.17,0.0,7.17
2026,676,33,4,4.88,0.98,18.54
2027,676,135,2,5.36,0.0,10.72
2028,676,62,3,3.61,0.0,10.83
2029,677,61,1,0.72,0.0,0.72
2030,677,93,1,2.96,0.15,2.81
2031,677,145,1,1.45,0.0,1.45
2032,678,95,1,3.44,0.0,3.44
2033,678,1,1,6.24,0.0,6.24
2034,678,29,1,6.81,0.0,6.81
2035,679,61,1,0.72,0.0,0.72
2036,679,83,2,6.1,0.0,12.2
2037,679,104,1,3.88,0.0,3.88
2038,680,99,2,6.59,0.0,13.18
2039,680,122,1,4.09,0.0,4.09
2040,680,24,2,8.36,0.0,16.72
2041,681,33,3,4.88,1.46,13.18
2042,681,14,1,3.08,0.0,3.08
2043,681,38,2,2.61,0.0,5.22
2044,682,128,1,3.68,0.0,3.68
2045,682,139,2,10.31,0.0,20.62
2046,682,56,4,6.59,0.0,26.36
2047,683,98,1,5.0,0.0,5.0
2048,683,143,2,4.53,0.0,9.06
2049,683,60,1,4.85,0.0,4.85
2050,684,81,1,3.87,0.19,3.68
2051,684,144,2,4.6,0.0,9.2
2052,684,128,2,3.68,0.0,7.36
2053,685,67,1,5.57,0.0,5.57
2054,685,42,3,3.04,0.46,8.66
2055,685,110,2,5.92,0.0,11.84
2056,686,104,2,3.88,0.0,7.76
2057,686,85,3,3.63,0.0,10.89
2058,686,3,2,34.33,0.0,68.66
2059,687,135,2,5.36,0.0,10.72
2060,687,138,1,1.98,0.1,1.88
2061,687,39,1,6.98,0.0,6.98
2062,688,90,1,5.2,0.0,5.2
2063,688,149,1,6.36,0.32,6.04
2064,688,88,3,5.74,0.86,16.36
2065,689,48,1,10.05,0.0,10.05
2066,689,41,2,6.75,0.0,13.5
2067,689,123,1,10.69,0.0,10.69
2068,690,86,2,6.45,0.0,12.9
2069,690,77,1,6.44,0.0,6.44
2070,690,37,4,1.1,0.0,4.4
2071,691,122,2,4.09,0.0,8.18
2072,691,33,1,4.88,0.24,4.64
2073,691,129,1,3.28,0.33,2.95
2074,692,54,4,5.19,0.0,20.76
2075,692,17,5,2.68,0.0,13.4
2076,692,18,3,6.74,0.0,20.22
2077,693,42,1,3.04,0.0,3.04
2078,693,53,2,4.77,0.0,9.54
2079,693,54,2,5.19,0.0,10.38
2080,694,71,2,3.28,0.0,6.56
2081,694,27,2,12.72,0.0,25.44
2082,694,14,2,3.08,0.0,6.16
2083,695,108,3,7.11,0.0,21.33
2084,695,44,2,5.04,0.0,10.08
2085,695,86,3,6.45,1.94,17.41
2086,696,31,2,5.07,0.0,10.14
2087,696,1,5,6.24,0.0,31.2
2088,696,90,5,5.2,0.0,26.0
2089,697,122,2,4.09,0.0,8.18
2090,697,50,1,4.75,0.0,4.75
2091,697,92,1,2.61,0.0,2.61
2092,698,33,2,4.88,0.0,9.76
2093,698,19,2,8.09,0.0,16.18
2094,698,92,1,2.61,0.0,2.61
2095,699,97,4,3.24,0.0,12.96
2096,699,78,2,6.68,1.34,12.02
2097,699,16,2,8.85,0.89,16.81
2098,700,85,1,3.63,0.0,3.63
2099,700,2,1,3.76,0.0,3.76
2100,700,61,2,0.72,0.0,1.44
2101,701,93,2,2.96,0.59,5.33
2102,701,20,1,1.57,0.0,1.57
2103,701,122,1,4.09,0.0,4.09
2104,702,144,5,4.6,1.15,21.85
2105,702,76,3,3.14,0.0,9.42
2106,702,114,4,4.66,0.0,18.64
2107,703,85,1,3.63,0.0,3.63
2108,703,114,2,4.66,0.93,8.39
2109,703,64,1,7.64,0.0,7.64
2110,704,137,1,4.41,0.22,4.19
2111,704,50,2,4.75,0.0,9.5
2112,704,74,1,3.36,0.0,3.36
2113,705,52,1,4.07,0.0,4.07
2114,705,33,1,4.88,0.24,4.64
2115,705,140,2,3.12,0.0,6.24
2116,706,42,2,3.04,0.61,5.47
2117,706,34,1,11.32,0.0,11.32
2118,706,98,1,5.0,0.0,5.0
2119,707,24,4,8.36,3.34,30.1
2120,707,20,2,1.57,0.31,2.83
2121,707,4,4,14.05,0.0,56.2
2122,708,1,4,6.24,0.0,24.96
2123,708,145,1,1.45,0.0,1.45
2124,708,22,2,14.87,0.0,29.74
2125,709,121,1,1.04,0.0,1.04
2126,709,122,1,4.09,0.0,4.09
2127,709,24,1,8.36,0.0,8.36
2128,710,129,1,3.28,0.0,3.28
2129,710,124,1,4.59,0.0,4.59
2130,710,111,2,17.56,0.0,35.12
2131,711,74,3,3.36,0.0,10.08
2132,711,37,3,1.1,0.0,3.3
2133,711,45,1,6.23,0.0,6.23
2134,712,21,1,5.04,0.0,5.04
2135,712,84,1,7.38,0.0,7.38
2136,712,117,2,3.08,0.0,6.16
2137,713,20,1,1.57,0.0,1.57
2138,713,100,1,6.69,0.67,6.02
2139,713,122,1,4.09,0.0,4.09
2140,714,90,3,5.2,0.0,15.6
2141,714,111,1,17.56,0.0,17.56
2142,714,125,1,3.47,0.0,3.47
2143,715,101,1,9.87,0.99,8.88
2144,715,51,2,18.54,0.0,37.08
2145,715,26,2,4.96,0.0,9.92
2146,716,110,1,5.92,0.0,5.92
2147,716,62,3,3.61,0.0,10.83
2148,716,43,2,6.63,0.0,13.26
2149,717,20,1,1.57,0.0,1.57
2150,717,113,2,4.13,0.0,8.26
2151,717,90,1,5.2,0.0,5.2
2152,718,145,1,1.45,0.0,1.45
2153,718,114,3,4.66,0.0,13.98
2154,718,25,1,3.35,0.0,3.35
2155,719,82,2,8.4,0.0,16.8
2156,719,81,1,3.87,0.0,3.87
2157,719,129,1,3.28,0.33,2.95
2158,720,76,2,3.14,0.0,6.28
2159,720,14,1,3.08,0.0,3.08
2160,720,81,1,3.87,0.0,3.87
2161,721,4,2,14.05,0.0,28.1
2162,721,93,3,2.96,0.0,8.88
2163,721,88,1,5.74,0.0,5.74
2164,722,60,3,4.85,0.0,14.55
2165,722,68,3,3.01,0.0,9.03
2166,722,149,2,6.36,0.0,12.72
2167,723,147,2,5.77,0.0,11.54
2168,723,129,2,3.28,0.0,6.56
2169,723,1,3,6.24,0.0,18.72
2170,724,17,2,2.68,0.0,5.36
2171,724,66,1,8.85,0.0,8.85
2172,724,9,1,7.17,0.36,6.81
2173,725,85,1,3.63,0.0,3.63
2174,725,110,2,5.92,0.0,11.84
2175,725,42,1,3.04,0.0,3.04
2176,726,133,1,1.51,0.0,1.51
2177,726,69,2,4.65,0.0,9.3
2178,726,42,1,3.04,0.0,3.04
2179,727,62,2,3.61,0.0,7.22
2180,727,120,5,9.96,4.98,44.82
2181,727,9,4,7.17,0.0,28.68
2182,728,54,1,5.19,0.0,5.19
2183,728,80,1,7.03,0.0,7.03
2184,728,4,1,14.05,0.0,14.05
2185,729,102,1,8.55,0.0,8.55
2186,729,90,4,5.2,0.0,20.8
2187,729,1,3,6.24,0.0,18.72
2188,730,37,3,1.1,0.0,3.3
2189,730,56,5,6.59,0.0,32.95
2190,730,26,2,4.96,0.0,9.92
2191,731,46,1,10.25,0.0,10.25
2192,731,85,1,3.63,0.0,3.63
2193,731,72,1,7.93,0.0,7.93
2194,732,97,2,3.24,0.0,6.48
2195,732,126,1,3.7,0.0,3.7
2196,732,144,1,4.6,0.0,4.6
2197,733,145,2,1.45,0.0,2.9
2198,733,85,1,3.63,0.0,3.63
2199,733,35,2,5.66,0.0,11.32
2200,734,129,2,3.28,0.0,6.56
2201,734,62,3,3.61,0.0,10.83
2202,734,146,2,5.93,0.0,11.86
2203,735,9,2,7.17,0.72,13.62
2204,735,30,2,2.73,0.0,5.46
2205,735,150,3,5.23,0.0,15.69
2206,736,98,4,5.0,0.0,20.0
2207,736,85,1,3.63,0.0,3.63
2208,736,41,2,6.75,0.0,13.5
2209,737,97,1,3.24,0.0,3.24
2210,737,86,2,6.45,0.0,12.9
2211,737,119,2,3.58,0.0,7.16
2212,738,129,2,3.28,0.0,6.56
2213,738,26,4,4.96,0.0,19.84
2214,738,86,1,6.45,0.0,6.45
2215,739,40,1,5.56,0.0,5.56
2216,739,50,1,4.75,0.0,4.75
2217,739,66,2,8.85,0.0,17.7
2218,740,50,1,4.75,0.0,4.75
2219,740,124,1,4.59,0.0,4.59
2220,740,87,2,8.11,0.0,16.22
2221,741,92,3,2.61,0.78,7.05
2222,741,52,2,4.07,0.0,8.14
2223,741,119,2,3.58,0.0,7.16
2224,742,6,1,4.46,0.0,4.46
2225,742,111,1,17.56,0.0,17.56
2226,742,51,2,18.54,0.0,37.08
2227,743,61,1,0.72,0.0,0.72
2228,743,138,2,1.98,0.2,3.76
2229,743,81,1,3.87,0.0,3.87
2230,744,35,1,5.66,0.0,5.66
2231,744,66,1,8.85,0.0,8.85
2232,744,20,1,1.57,0.0,1.57
2233,745,57,1,4.15,0.0,4.15
2234,745,37,2,1.1,0.0,2.2
2235,745,145,5,1.45,0.0,7.25
2236,746,139,1,10.31,1.03,9.28
2237,746,99,2,6.59,0.0,13.18
2238,746,75,2,15.76,0.0,31.52
2239,747,25,1,3.35,0.0,3.35
2240,747,56,2,6.59,0.0,13.18
2241,747,8,1,14.34,0.0,14.34
2242,748,98,2,5.0,0.0,10.0
2243,748,91,1,7.23,0.0,7.23
2244,748,37,2,1.1,0.0,2.2
2245,749,25,2,3.35,0.0,6.7
2246,749,63,2,6.1,0.0,12.2
2247,749,81,1,3.87,0.0,3.87
2248,750,74,1,3.36,0.0,3.36
2249,750,51,1,18.54,0.0,18.54
2250,750,150,2,5.23,1.05,9.41
2251,751,11,1,6.23,0.0,6.23
2252,751,60,4,4.85,0.0,19.4
2253,751,117,4,3.08,0.0,12.32
2254,752,9,1,7.17,0.36,6.81
2255,752,38,2,2.61,0.0,5.22
2256,752,36,1,8.03,0.0,8.03
2257,753,68,2,3.01,0.0,6.02
2258,753,40,1,5.56,0.0,5.56
2259,753,84,1,7.38,0.0,7.38
2260,754,138,2,1.98,0.0,3.96
2261,754,74,2,3.36,0.0,6.72
2262,754,60,1,4.85,0.0,4.85
2263,755,97,2,3.24,0.0,6.48
2264,755,26,1,4.96,0.0,4.96
2265,755,55,1,7.22,0.0,7.22
2266,756,112,3,4.79,0.72,13.65
2267,756,10,2,14.11,0.0,28.22
2268,756,14,2,3.08,0.0,6.16
2269,757,110,3,5.92,0.0,17.76
2270,757,124,2,4.59,0.0,9.18
2271,757,27,2,12.72,0.0,25.44
2272,758,30,2,2.73,0.0,5.46
2273,758,69,1,4.65,0.0,4.65
2274,758,115,1,12.88,0.0,12.88
2275,759,138,5,1.98,0.0,9.9
2276,759,86,4,6.45,0.0,25.8
2277,759,18,1,6.74,0.0,6.74
2278,760,40,3,5.56,0.0,16.68
2279,760,5,2,5.9,0.0,11.8
2280,760,32,2,3.31,0.0,6.62
2281,761,65,1,6.08,0.0,6.08
2282,761,60,1,4.85,0.0,4.85
2283,761,20,3,1.57,0.0,4.71
2284,762,41,3,6.75,1.01,19.24
2285,762,38,3,2.61,0.0,7.83
2286,762,123,1,10.69,0.0,10.69
2287,763,61,3,0.72,0.22,1.94
2288,763,137,2,4.41,0.0,8.82
2289,763,25,5,3.35,0.0,16.75
2290,764,78,1,6.68,0.67,6.01
2291,764,114,2,4.66,0.0,9.32
2292,764,38,1,2.61,0.0,2.61
2293,765,148,4,9.52,0.0,38.08
2294,765,145,4,1.45,0.0,5.8
2295,765,80,1,7.03,0.0,7.03
2296,766,129,5,3.28,0.0,16.4
2297,766,99,2,6.59,0.0,13.18
2298,766,18,4,6.74,0.0,26.96
2299,767,41,2,6.75,0.0,13.5
2300,767,55,1,7.22,0.0,7.22
2301,767,128,1,3.68,0.0,3.68
2302,768,126,1,3.7,0.0,3.7
2303,768,102,1,8.55,0.0,8.55
2304,768,133,3,1.51,0.0,4.53
2305,769,136,2,4.99,0.0,9.98
2306,769,145,1,1.45,0.0,1.45
2307,769,81,1,3.87,0.0,3.87
2308,770,121,2,1.04,0.0,2.08
2309,770,133,3,1.51,0.0,4.53
2310,770,141,1,5.03,0.0,5.03
2311,771,117,3,3.08,0.0,9.24
2312,771,10,2,14.11,0.0,28.22
2313,771,33,1,4.88,0.0,4.88
2314,772,57,1,4.15,0.42,3.73
2315,772,146,3,5.93,0.0,17.79
2316,772,62,1,3.61,0.0,3.61
2317,773,11,2,6.23,0.0,12.46
2318,773,84,3,7.38,0.0,22.14
2319,773,55,1,7.22,0.0,7.22
2320,774,100,1,6.69,0.0,6.69
2321,774,128,1,3.68,0.0,3.68
2322,774,87,1,8.11,0.0,8.11
2323,775,37,1,1.1,0.0,1.1
2324,775,61,2,0.72,0.0,1.44
2325,775,31,2,5.07,0.0,10.14
2326,776,124,2,4.59,0.0,9.18
2327,776,25,3,3.35,0.0,10.05
2328,776,135,2,5.36,1.07,9.65
2329,777,105,3,5.49,0.0,16.47
2330,777,81,4,3.87,0.0,15.48
2331,777,66,1,8.85,0.89,7.96
2332,778,95,1,3.44,0.0,3.44
2333,778,68,1,3.01,0.0,3.01
2334,778,1,1,6.24,0.0,6.24
2335,779,146,1,5.93,0.0,5.93
2336,779,6,2,4.46,0.0,8.92
2337,779,116,2,1.97,0.0,3.94
2338,780,4,2,14.05,0.0,28.1
2339,780,73,1,3.8,0.0,3.8
2340,780,148,1,9.52,0.0,9.52
2341,781,85,1,3.63,0.0,3.63
2342,781,53,1,4.77,0.24,4.53
2343,781,84,2,7.38,0.0,14.76
2344,782,132,1,7.93,0.0,7.93
2345,782,27,1,12.72,0.0,12.72
2346,782,65,1,6.08,0.0,6.08
2347,783,69,1,4.65,0.0,4.65
2348,783,66,2,8.85,0.0,17.7
2349,783,25,2,3.35,0.0,6.7
2350,784,44,2,5.04,0.0,10.08
2351,784,4,2,14.05,0.0,28.1
2352,784,48,2,10.05,0.0,20.1
2353,785,107,2,2.77,0.28,5.26
2354,785,73,4,3.8,0.0,15.2
2355,785,18,3,6.74,0.0,20.22
2356,786,75,1,15.76,0.0,15.76
2357,786,81,3,3.87,0.58,11.03
2358,786,62,2,3.61,0.0,7.22
2359,787,150,3,5.23,0.0,15.69
2360,787,117,1,3.08,0.31,2.77
2361,787,120,1,9.96,0.0,9.96
2362,788,123,2,10.69,0.0,21.38
2363,788,40,4,5.56,2.22,20.02
2364,788,145,2,1.45,0.0,2.9
2365,789,129,1,3.28,0.0,3.28
2366,789,91,1,7.23,0.0,7.23
2367,789,110,1,5.92,0.0,5.92
2368,790,77,3,6.44,0.0,19.32
2369,790,86,1,6.45,0.0,6.45
2370,790,64,1,7.64,0.76,6.88
2371,791,125,2,3.47,0.69,6.25
2372,791,141,3,5.03,0.0,15.09
2373,791,30,1,2.73,0.14,2.59
2374,792,78,2,6.68,0.0,13.36
2375,792,87,2,8.11,0.0,16.22
2376,792,117,1,3.08,0.31,2.77
2377,793,9,1,7.17,0.0,7.17
2378,793,45,1,6.23,0.0,6.23
2379,793,146,3,5.93,0.0,17.79
2380,794,87,1,8.11,0.0,8.11
2381,794,124,3,4.59,0.0,13.77
2382,794,9,1,7.17,0.72,6.45
2383,795,126,1,3.7,0.0,3.7
2384,795,124,1,4.59,0.0,4.59
2385,795,4,1,14.05,0.0,14.05
2386,796,9,1,7.17,0.0,7.17
2387,796,58,2,11.09,0.0,22.18
2388,796,44,2,5.04,0.0,10.08
2389,797,40,1,5.56,0.56,5.0
2390,797,17,1,2.68,0.0,2.68
2391,797,69,1,4.65,0.0,4.65
2392,798,140,2,3.12,0.0,6.24
2393,798,66,1,8.85,0.0,8.85
2394,798,25,1,3.35,0.0,3.35
2395,799,74,4,3.36,0.0,13.44
2396,799,42,2,3.04,0.0,6.08
2397,799,69,1,4.65,0.0,4.65
2398,800,120,4,9.96,0.0,39.84
2399,800,21,4,5.04,0.0,20.16
2400,800,40,2,5.56,0.56,10.56
2401,801,25,1,3.35,0.0,3.35
2402,801,138,2,1.98,0.0,3.96
2403,801,96,4,5.31,0.0,21.24
2404,802,21,1,5.04,0.0,5.04
2405,802,123,1,10.69,0.0,10.69
2406,802,150,1,5.23,0.0,5.23
2407,803,18,1,6.74,0.67,6.07
2408,803,129,1,3.28,0.33,2.95
2409,803,73,2,3.8,0.0,7.6
2410,804,138,1,1.98,0.1,1.88
2411,804,9,4,7.17,0.0,28.68
2412,804,30,1,2.73,0.14,2.59
2413,805,9,1,7.17,0.72,6.45
2414,805,45,1,6.23,0.0,6.23
2415,805,5,2,5.9,0.0,11.8
2416,806,114,2,4.66,0.0,9.32
2417,806,36,3,8.03,0.0,24.09
2418,806,33,3,4.88,0.0,14.64
2419,807,32,2,3.31,0.0,6.62
2420,807,150,3,5.23,0.0,15.69
2421,807,1,3,6.24,0.0,18.72
2422,808,23,1,8.47,0.0,8.47
2423,808,83,1,6.1,0.0,6.1
2424,808,42,1,3.04,0.0,3.04
2425,809,105,1,5.49,0.55,4.94
2426,809,16,1,8.85,0.0,8.85
2427,809,40,1,5.56,0.0,5.56
2428,810,56,1,6.59,0.0,6.59
2429,810,42,1,3.04,0.0,3.04
2430,810,87,2,8.11,0.0,16.22
2431,811,77,2,6.44,0.64,12.24
2432,811,122,1,4.09,0.41,3.68
2433,811,33,4,4.88,1.95,17.57
2434,812,141,1,5.03,0.0,5.03
2435,812,24,1,8.36,0.0,8.36
2436,812,148,3,9.52,0.0,28.56
2437,813,18,1,6.74,0.0,6.74
2438,813,41,1,6.75,0.0,6.75
2439,813,125,2,3.47,0.0,6.94
2440,814,150,1,5.23,0.0,5.23
2441,814,27,1,12.72,0.0,12.72
2442,814,85,1,3.63,0.0,3.63
2443,815,97,1,3.24,0.0,3.24
2444,815,4,2,14.05,1.41,26.69
2445,815,89,1,4.57,0.0,4.57
2446,816,15,2,9.25,0.0,18.5
2447,816,87,1,8.11,0.0,8.11
2448,816,38,1,2.61,0.0,2.61
2449,817,98,1,5.0,0.0,5.0
2450,817,42,5,3.04,0.0,15.2
2451,817,4,4,14.05,0.0,56.2
2452,818,97,1,3.24,0.0,3.24
2453,818,71,2,3.28,0.0,6.56
2454,818,76,1,3.14,0.0,3.14
2455,819,101,1,9.87,0.49,9.38
2456,819,146,3,5.93,0.0,17.79
2457,819,16,3,8.85,0.0,26.55
2458,820,6,1,4.46,0.0,4.46
2459,820,13,2,2.91,0.0,5.82
2460,820,129,1,3.28,0.0,3.28
2461,821,107,1,2.77,0.0,2.77
2462,821,89,1,4.57,0.0,4.57
2463,821,74,2,3.36,0.0,6.72
2464,822,105,3,5.49,1.65,14.82
2465,822,148,2,9.52,0.0,19.04
2466,822,104,1,3.88,0.0,3.88
2467,823,62,1,3.61,0.0,3.61
2468,823,9,1,7.17,0.0,7.17
2469,823,117,1,3.08,0.31,2.77
2470,824,127,1,7.2,0.0,7.2
2471,824,101,5,9.87,0.0,49.35
2472,824,77,2,6.44,0.0,12.88
2473,825,24,3,8.36,0.0,25.08
2474,825,112,2,4.79,0.96,8.62
2475,825,40,3,5.56,0.0,16.68
2476,826,37,4,1.1,0.0,4.4
2477,826,116,4,1.97,0.0,7.88
2478,826,45,3,6.23,0.0,18.69
2479,827,15,2,9.25,0.93,17.57
2480,827,42,4,3.04,0.0,12.16
2481,827,116,5,1.97,0.0,9.85
2482,828,150,1,5.23,0.0,5.23
2483,828,121,5,1.04,0.52,4.68
2484,828,69,1,4.65,0.0,4.65
2485,829,136,3,4.99,0.75,14.22
2486,829,4,1,14.05,0.0,14.05
2487,829,32,1,3.31,0.0,3.31
2488,830,86,1,6.45,0.0,6.45
2489,830,32,1,3.31,0.0,3.31
2490,830,78,2,6.68,1.34,12.02
2491,831,42,2,3.04,0.0,6.08
2492,831,5,2,5.9,0.0,11.8
2493,831,61,3,0.72,0.22,1.94
2494,832,5,3,5.9,0.0,17.7
2495,832,38,1,2.61,0.0,2.61
2496,832,148,3,9.52,0.0,28.56
2497,833,93,2,2.96,0.0,5.92
2498,833,116,1,1.97,0.0,1.97
2499,833,41,1,6.75,0.0,6.75
2500,834,48,1,10.05,0.0,10.05
2501,834,62,4,3.61,0.0,14.44
2502,834,12,3,5.98,0.0,17.94
2503,835,135,1,5.36,0.0,5.36
2504,835,139,1,10.31,0.0,10.31
2505,835,42,2,3.04,0.0,6.08
2506,836,96,3,5.31,0.0,15.93
2507,836,21,1,5.04,0.0,5.04
2508,836,38,3,2.61,0.0,7.83
2509,837,37,1,1.1,0.0,1.1
2510,837,91,2,7.23,0.0,14.46
2511,837,121,2,1.04,0.0,2.08
2512,838,13,3,2.91,0.0,8.73
2513,838,86,2,6.45,0.0,12.9
2514,838,121,2,1.04,0.0,2.08
2515,839,43,1,6.63,0.0,6.63
2516,839,105,3,5.49,0.0,16.47
2517,839,33,5,4.88,0.0,24.4
2518,840,57,2,4.15,0.0,8.3
2519,840,95,2,3.44,0.0,6.88
2520,840,100,2,6.69,0.0,13.38
2521,841,140,1,3.12,0.31,2.81
2522,841,135,2,5.36,0.0,10.72
2523,841,121,3,1.04,0.0,3.12
2524,842,39,2,6.98,0.0,13.96
2525,842,61,3,0.72,0.0,2.16
2526,842,50,2,4.75,0.0,9.5
2527,843,16,2,8.85,0.0,17.7
2528,843,125,1,3.47,0.0,3.47
2529,843,137,1,4.41,0.22,4.19
2530,844,109,2,4.66,0.0,9.32
2531,844,45,1,6.23,0.0,6.23
2532,844,44,2,5.04,0.0,10.08
2533,845,14,2,3.08,0.0,6.16
2534,845,4,1,14.05,0.7,13.35
2535,845,121,1,1.04,0.0,1.04
2536,846,74,2,3.36,0.0,6.72
2537,846,80,1,7.03,0.0,7.03
2538,846,138,1,1.98,0.0,1.98
2539,847,150,1,5.23,0.26,4.97
2540,847,92,3,2.61,0.0,7.83
2541,847,136,1,4.99,0.0,4.99
2542,848,122,2,4.09,0.0,8.18
2543,848,105,2,5.49,0.0,10.98
2544,848,24,2,8.36,0.0,16.72
2545,849,117,3,3.08,0.46,8.78
2546,849,137,2,4.41,0.0,8.82
2547,849,145,2,1.45,0.29,2.61
2548,850,53,1,4.77,0.0,4.77
2549,850,14,1,3.08,0.0,3.08
2550,850,150,2,5.23,0.0,10.46
2551,851,25,3,3.35,0.0,10.05
2552,851,53,1,4.77,0.0,4.77
2553,851,98,1,5.0,0.0,5.0
2554,852,68,1,3.01,0.0,3.01
2555,852,145,3,1.45,0.0,4.35
2556,852,104,3,3.88,0.0,11.64
2557,853,124,1,4.59,0.46,4.13
2558,853,74,2,3.36,0.0,6.72
2559,853,129,3,3.28,0.0,9.84
2560,854,53,1,4.77,0.0,4.77
2561,854,62,1,3.61,0.0,3.61
2562,854,134,3,5.6,0.0,16.8
2563,855,57,1,4.15,0.42,3.73
2564,855,100,1,6.69,0.0,6.69
2565,855,9,1,7.17,0.0,7.17
2566,856,38,3,2.61,0.0,7.83
2567,856,149,1,6.36,0.0,6.36
2568,856,73,1,3.8,0.0,3.8
2569,857,88,1,5.74,0.0,5.74
2570,857,9,1,7.17,0.72,6.45
2571,857,42,1,3.04,0.0,3.04
2572,858,49,1,1.02,0.0,1.02
2573,858,78,3,6.68,0.0,20.04
2574,858,25,1,3.35,0.0,3.35
2575,859,49,2,1.02,0.0,2.04
2576,859,133,3,1.51,0.0,4.53
2577,859,50,2,4.75,0.0,9.5
2578,860,117,1,3.08,0.0,3.08
2579,860,129,2,3.28,0.0,6.56
2580,860,134,4,5.6,0.0,22.4
2581,861,78,3,6.68,1.0,19.04
2582,861,2,1,3.76,0.0,3.76
2583,861,110,1,5.92,0.0,5.92
2584,862,114,1,4.66,0.23,4.43
2585,862,69,2,4.65,0.0,9.3
2586,862,75,1,15.76,0.0,15.76
2587,863,92,2,2.61,0.0,5.22
2588,863,135,1,5.36,0.0,5.36
2589,863,63,2,6.1,0.0,12.2
2590,864,54,3,5.19,1.56,14.01
2591,864,69,1,4.65,0.0,4.65
2592,864,33,3,4.88,1.46,13.18
2593,865,98,3,5.0,0.0,15.0
2594,865,69,3,4.65,0.0,13.95
2595,865,8,2,14.34,0.0,28.68
2596,866,148,3,9.52,0.0,28.56
2597,866,81,2,3.87,0.77,6.97
2598,866,135,1,5.36,0.0,5.36
2599,867,49,4,1.02,0.0,4.08
2600,867,5,1,5.9,0.0,5.9
2601,867,87,1,8.11,0.0,8.11
2602,868,68,1,3.01,0.0,3.01
2603,868,18,1,6.74,0.0,6.74
2604,868,129,1,3.28,0.0,3.28
2605,869,129,1,3.28,0.0,3.28
2606,869,8,1,14.34,0.0,14.34
2607,869,52,3,4.07,0.0,12.21
2608,870,30,1,2.73,0.0,2.73
2609,870,146,1,5.93,0.0,5.93
2610,870,53,1,4.77,0.0,4.77
2611,871,8,1,14.34,0.0,14.34
2612,871,131,1,5.73,0.0,5.73
2613,871,62,1,3.61,0.0,3.61
2614,872,79,2,4.87,0.0,9.74
2615,872,104,1,3.88,0.0,3.88
2616,872,139,1,10.31,0.0,10.31
2617,873,32,1,3.31,0.0,3.31
2618,873,126,1,3.7,0.37,3.33
2619,873,145,1,1.45,0.0,1.45
2620,874,77,1,6.44,0.0,6.44
2621,874,73,1,3.8,0.0,3.8
2622,874,66,1,8.85,0.0,8.85
2623,875,52,1,4.07,0.0,4.07
2624,875,97,3,3.24,0.0,9.72
2625,875,93,1,2.96,0.0,2.96
2626,876,13,1,2.91,0.0,2.91
2627,876,62,1,3.61,0.0,3.61
2628,876,141,1,5.03,0.0,5.03
2629,877,148,2,9.52,0.0,19.04
2630,877,33,1,4.88,0.0,4.88
2631,877,143,1,4.53,0.0,4.53
2632,878,94,1,7.89,0.0,7.89
2633,878,146,2,5.93,0.0,11.86
2634,878,8,1,14.34,0.0,14.34
2635,879,118,1,14.15,0.0,14.15
2636,879,27,1,12.72,0.0,12.72
2637,879,150,1,5.23,0.0,5.23
2638,880,23,2,8.47,0.0,16.94
2639,880,138,4,1.98,0.0,7.92
2640,880,76,4,3.14,0.0,12.56
2641,881,18,2,6.74,0.0,13.48
2642,881,4,4,14.05,0.0,56.2
2643,881,9,2,7.17,0.0,14.34
2644,882,76,1,3.14,0.0,3.14
2645,882,133,1,1.51,0.0,1.51
2646,882,102,1,8.55,0.0,8.55
2647,883,122,1,4.09,0.0,4.09
2648,883,86,1,6.45,0.0,6.45
2649,883,61,2,0.72,0.0,1.44
2650,884,28,2,4.12,0.0,8.24
2651,884,29,1,6.81,0.0,6.81
2652,884,68,2,3.01,0.0,6.02
2653,885,121,1,1.04,0.0,1.04
2654,885,148,3,9.52,0.0,28.56
2655,885,114,2,4.66,0.0,9.32
2656,886,135,1,5.36,0.0,5.36
2657,886,9,1,7.17,0.72,6.45
2658,886,6,1,4.46,0.22,4.24
2659,887,114,2,4.66,0.0,9.32
2660,887,14,2,3.08,0.0,6.16
2661,887,126,1,3.7,0.0,3.7
2662,888,66,2,8.85,0.89,16.81
2663,888,134,1,5.6,0.0,5.6
2664,888,9,1,7.17,0.0,7.17
2665,889,94,1,7.89,0.0,7.89
2666,889,134,2,5.6,0.0,11.2
2667,889,73,1,3.8,0.0,3.8
2668,890,97,2,3.24,0.0,6.48
2669,890,134,2,5.6,0.0,11.2
2670,890,57,3,4.15,1.25,11.2
2671,891,128,1,3.68,0.0,3.68
2672,891,90,1,5.2,0.0,5.2
2673,891,65,1,6.08,0.3,5.78
2674,892,146,3,5.93,0.0,17.79
2675,892,145,2,1.45,0.0,2.9
2676,892,126,1,3.7,0.0,3.7
2677,893,25,2,3.35,0.0,6.7
2678,893,129,1,3.28,0.0,3.28
2679,893,41,3,6.75,0.0,20.25
2680,894,32,1,3.31,0.0,3.31
2681,894,6,3,4.46,0.0,13.38
2682,894,118,2,14.15,0.0,28.3
2683,895,107,1,2.77,0.0,2.77
2684,895,61,2,0.72,0.0,1.44
2685,895,109,1,4.66,0.0,4.66
2686,896,93,1,2.96,0.0,2.96
2687,896,78,1,6.68,0.0,6.68
2688,896,109,1,4.66,0.0,4.66
2689,897,134,2,5.6,0.0,11.2
2690,897,55,1,7.22,0.0,7.22
2691,897,137,1,4.41,0.0,4.41
2692,898,80,1,7.03,0.0,7.03
2693,898,78,2,6.68,0.67,12.69
2694,898,18,3,6.74,0.0,20.22
2695,899,56,2,6.59,0.0,13.18
2696,899,129,1,3.28,0.0,3.28
2697,899,30,1,2.73,0.0,2.73
2698,900,78,5,6.68,0.0,33.4
2699,900,25,2,3.35,0.0,6.7
2700,900,20,3,1.57,0.0,4.71
2701,901,99,1,6.59,0.66,5.93
2702,901,45,4,6.23,0.0,24.92
2703,901,101,1,9.87,0.99,8.88
2704,902,140,3,3.12,0.0,9.36
2705,902,100,1,6.69,0.67,6.02
2706,902,141,2,5.03,0.5,9.56
2707,903,54,3,5.19,0.0,15.57
2708,903,137,4,4.41,0.0,17.64
2709,903,9,2,7.17,0.0,14.34
2710,904,126,1,3.7,0.0,3.7
2711,904,54,1,5.19,0.0,5.19
2712,904,50,1,4.75,0.0,4.75
2713,905,41,2,6.75,0.0,13.5
2714,905,9,1,7.17,0.0,7.17
2715,905,97,2,3.24,0.0,6.48
2716,906,125,2,3.47,0.35,6.59
2717,906,42,2,3.04,0.0,6.08
2718,906,3,1,34.33,0.0,34.33
2719,907,71,1,3.28,0.0,3.28
2720,907,89,2,4.57,0.91,8.23
2721,907,124,2,4.59,0.0,9.18
2722,908,149,1,6.36,0.0,6.36
2723,908,18,1,6.74,0.0,6.74
2724,908,114,1,4.66,0.0,4.66
2725,909,93,1,2.96,0.3,2.66
2726,909,114,1,4.66,0.0,4.66
2727,909,98,3,5.0,0.0,15.0
2728,910,21,3,5.04,0.0,15.12
2729,910,106,2,7.13,0.0,14.26
2730,910,66,4,8.85,0.0,35.4
2731,911,137,2,4.41,0.0,8.82
2732,911,31,1,5.07,0.0,5.07
2733,911,102,1,8.55,0.0,8.55
2734,912,60,1,4.85,0.0,4.85
2735,912,73,1,3.8,0.0,3.8
2736,912,48,1,10.05,0.0,10.05
2737,913,56,2,6.59,0.0,13.18
2738,913,26,2,4.96,0.0,9.92
2739,913,54,2,5.19,0.0,10.38
2740,914,74,3,3.36,0.0,10.08
2741,914,53,3,4.77,0.0,14.31
2742,914,102,1,8.55,0.0,8.55
2743,915,103,1,3.2,0.0,3.2
2744,915,69,1,4.65,0.0,4.65
2745,915,42,2,3.04,0.0,6.08
2746,916,26,3,4.96,0.0,14.88
2747,916,108,2,7.11,0.0,14.22
2748,916,81,3,3.87,1.16,10.45
2749,917,56,1,6.59,0.0,6.59
2750,917,57,1,4.15,0.0,4.15
2751,917,108,4,7.11,0.0,28.44
2752,918,147,2,5.77,0.58,10.96
2753,918,18,1,6.74,0.0,6.74
2754,918,138,4,1.98,0.0,7.92
2755,919,111,1,17.56,0.0,17.56
2756,919,121,1,1.04,0.0,1.04
2757,919,69,3,4.65,0.0,13.95
2758,920,26,1,4.96,0.0,4.96
2759,920,107,2,2.77,0.0,5.54
2760,920,66,1,8.85,0.0,8.85
2761,921,97,2,3.24,0.0,6.48
2762,921,21,3,5.04,0.76,14.36
2763,921,49,2,1.02,0.0,2.04
2764,922,137,4,4.41,0.0,17.64
2765,922,49,2,1.02,0.1,1.94
2766,922,42,2,3.04,0.0,6.08
2767,923,40,1,5.56,0.0,5.56
2768,923,102,2,8.55,0.0,17.1
2769,923,30,1,2.73,0.0,2.73
2770,924,45,1,6.23,0.0,6.23
2771,924,112,3,4.79,0.0,14.37
2772,924,98,2,5.0,0.0,10.0
2773,925,68,1,3.01,0.0,3.01
2774,925,36,1,8.03,0.0,8.03
2775,925,50,1,4.75,0.0,4.75
2776,926,25,4,3.35,0.0,13.4
2777,926,28,1,4.12,0.0,4.12
2778,926,112,2,4.79,0.0,9.58
2779,927,3,2,34.33,0.0,68.66
2780,927,32,4,3.31,0.0,13.24
2781,927,17,2,2.68,0.0,5.36
2782,928,8,2,14.34,0.0,28.68
2783,928,124,2,4.59,0.0,9.18
2784,928,110,2,5.92,0.0,11.84
2785,929,88,1,5.74,0.0,5.74
2786,929,114,1,4.66,0.47,4.19
2787,929,90,1,5.2,0.0,5.2
2788,930,87,1,8.11,0.0,8.11
2789,930,141,1,5.03,0.0,5.03
2790,930,42,1,3.04,0.3,2.74
2791,931,126,1,3.7,0.0,3.7
2792,931,113,2,4.13,0.0,8.26
2793,931,122,2,4.09,0.0,8.18
2794,932,140,1,3.12,0.0,3.12
2795,932,25,2,3.35,0.0,6.7
2796,932,61,1,0.72,0.0,0.72
2797,933,1,2,6.24,0.0,12.48
2798,933,77,2,6.44,0.0,12.88
2799,933,85,1,3.63,0.0,3.63
2800,934,45,1,6.23,0.0,6.23
2801,934,93,1,2.96,0.0,2.96
2802,934,141,1,5.03,0.0,5.03
2803,935,1,4,6.24,0.0,24.96
2804,935,61,2,0.72,0.07,1.37
2805,935,114,2,4.66,0.0,9.32
2806,936,37,1,1.1,0.0,1.1
2807,936,15,1,9.25,0.0,9.25
2808,936,81,1,3.87,0.0,3.87
2809,937,64,4,7.64,0.0,30.56
2810,937,114,2,4.66,0.0,9.32
2811,937,69,1,4.65,0.0,4.65
2812,938,101,1,9.87,0.0,9.87
2813,938,107,1,2.77,0.0,2.77
2814,938,17,1,2.68,0.0,2.68
2815,939,50,2,4.75,0.0,9.5
2816,939,80,2,7.03,0.0,14.06
2817,939,43,2,6.63,0.0,13.26
2818,940,66,1,8.85,0.44,8.41
2819,940,4,2,14.05,2.81,25.29
2820,940,139,2,10.31,0.0,20.62
2821,941,62,1,3.61,0.0,3.61
2822,941,48,1,10.05,0.0,10.05
2823,941,94,1,7.89,0.0,7.89
2824,942,10,1,14.11,0.0,14.11
2825,942,102,1,8.55,0.0,8.55
2826,942,89,1,4.57,0.46,4.11
2827,943,84,1,7.38,0.0,7.38
2828,943,88,3,5.74,0.0,17.22
2829,943,150,2,5.23,1.05,9.41
2830,944,50,2,4.75,0.0,9.5
2831,944,93,3,2.96,0.0,8.88
2832,944,111,2,17.56,0.0,35.12
2833,945,25,1,3.35,0.0,3.35
2834,945,149,5,6.36,0.0,31.8
2835,945,109,1,4.66,0.0,4.66
2836,946,17,1,2.68,0.27,2.41
2837,946,1,3,6.24,0.0,18.72
2838,946,108,1,7.11,0.0,7.11
2839,947,110,4,5.92,0.0,23.68
2840,947,49,3,1.02,0.0,3.06
2841,947,15,2,9.25,0.0,18.5
2842,948,117,1,3.08,0.0,3.08
2843,948,110,3,5.92,0.0,17.76
2844,948,9,1,7.17,0.0,7.17
2845,949,9,2,7.17,0.0,14.34
2846,949,41,2,6.75,1.35,12.15
2847,949,38,1,2.61,0.0,2.61
2848,950,132,2,7.93,0.0,15.86
2849,950,8,1,14.34,0.0,14.34
2850,950,136,2,4.99,0.0,9.98
2851,951,112,4,4.79,0.0,19.16
2852,951,13,2,2.91,0.0,5.82
2853,951,100,5,6.69,3.35,30.1
2854,952,13,4,2.91,0.58,11.06
2855,952,139,2,10.31,1.03,19.59
2856,952,114,1,4.66,0.0,4.66
2857,953,88,2,5.74,0.0,11.48
2858,953,100,2,6.69,0.0,13.38
2859,953,49,2,1.02,0.0,2.04
2860,954,52,2,4.07,0.0,8.14
2861,954,133,2,1.51,0.0,3.02
2862,954,122,5,4.09,0.0,20.45
2863,955,149,1,6.36,0.0,6.36
2864,955,142,2,18.25,0.0,36.5
2865,955,110,1,5.92,0.0,5.92
2866,956,109,1,4.66,0.0,4.66
2867,956,4,2,14.05,0.0,28.1
2868,956,44,2,5.04,0.0,10.08
2869,957,30,1,2.73,0.0,2.73
2870,957,76,1,3.14,0.0,3.14
2871,957,38,1,2.61,0.0,2.61
2872,958,85,1,3.63,0.0,3.63
2873,958,114,4,4.66,0.0,18.64
2874,958,38,3,2.61,0.0,7.83
2875,959,145,2,1.45,0.0,2.9
2876,959,12,5,5.98,0.0,29.9
2877,959,54,4,5.19,0.0,20.76
2878,960,149,1,6.36,0.0,6.36
2879,960,102,3,8.55,1.28,24.37
2880,960,6,1,4.46,0.0,4.46
2881,961,80,5,7.03,0.0,35.15
2882,961,54,1,5.19,0.0,5.19
2883,961,77,1,6.44,0.0,6.44
2884,962,76,2,3.14,0.0,6.28
2885,962,48,1,10.05,0.0,10.05
2886,962,56,1,6.59,0.0,6.59
2887,963,68,1,3.01,0.0,3.01
2888,963,55,1,7.22,0.0,7.22
2889,963,49,1,1.02,0.0,1.02
2890,964,129,1,3.28,0.0,3.28
2891,964,64,1,7.64,0.0,7.64
2892,964,30,1,2.73,0.0,2.73
2893,965,120,1,9.96,0.0,9.96
2894,965,21,1,5.04,0.5,4.54
2895,965,97,2,3.24,0.0,6.48
2896,966,111,1,17.56,0.0,17.56
2897,966,6,2,4.46,0.0,8.92
2898,966,131,2,5.73,0.0,11.46
2899,967,52,2,4.07,0.0,8.14
2900,967,126,2,3.7,0.0,7.4
2901,967,99,1,6.59,0.0,6.59
2902,968,49,5,1.02,0.0,5.1
2903,968,108,2,7.11,0.0,14.22
2904,968,11,2,6.23,0.0,12.46
2905,969,81,3,3.87,0.0,11.61
2906,969,16,1,8.85,0.44,8.41
2907,969,18,4,6.74,0.0,26.96
2908,970,127,1,7.2,0.0,7.2
2909,970,61,2,0.72,0.0,1.44
2910,970,150,2,5.23,0.0,10.46
2911,971,122,3,4.09,0.0,12.27
2912,971,74,1,3.36,0.0,3.36
2913,971,59,1,4.6,0.0,4.6
2914,972,105,1,5.49,0.0,5.49
2915,972,92,2,2.61,0.0,5.22
2916,972,30,1,2.73,0.0,2.73
2917,973,21,1,5.04,0.0,5.04
2918,973,108,3,7.11,0.0,21.33
2919,973,1,3,6.24,0.0,18.72
2920,974,45,3,6.23,0.0,18.69
2921,974,107,1,2.77,0.0,2.77
2922,974,92,3,2.61,0.39,7.44
2923,975,20,2,1.57,0.0,3.14
2924,975,81,2,3.87,0.0,7.74
2925,975,8,2,14.34,0.0,28.68
2926,976,50,1,4.75,0.0,4.75
2927,976,98,2,5.0,0.0,10.0
2928,976,64,3,7.64,0.0,22.92
2929,977,109,4,4.66,0.0,18.64
2930,977,144,1,4.6,0.0,4.6
2931,977,77,4,6.44,2.58,23.18
2932,978,65,3,6.08,0.0,18.24
2933,978,96,2,5.31,0.0,10.62
2934,978,122,3,4.09,0.0,12.27
2935,979,77,5,6.44,1.61,30.59
2936,979,24,1,8.36,0.0,8.36
2937,979,72,3,7.93,1.19,22.6
2938,980,145,1,1.45,0.0,1.45
2939,980,90,2,5.2,0.0,10.4
2940,980,102,2,8.55,0.0,17.1
2941,981,104,4,3.88,0.0,15.52
2942,981,49,4,1.02,0.0,4.08
2943,981,21,1,5.04,0.0,5.04
2944,982,80,1,7.03,0.0,7.03
2945,982,57,1,4.15,0.0,4.15
2946,982,64,2,7.64,0.0,15.28
2947,983,137,5,4.41,2.21,19.84
2948,983,135,2,5.36,1.07,9.65
2949,983,25,2,3.35,0.0,6.7
2950,984,25,3,3.35,0.0,10.05
2951,984,102,2,8.55,0.0,17.1
2952,984,116,1,1.97,0.0,1.97
2953,985,141,1,5.03,0.5,4.53
2954,985,134,1,5.6,0.0,5.6
2955,985,125,3,3.47,0.0,10.41
2956,986,145,1,1.45,0.0,1.45
2957,986,135,2,5.36,0.0,10.72
2958,986,65,1,6.08,0.0,6.08
2959,987,64,2,7.64,0.0,15.28
2960,987,25,5,3.35,0.0,16.75
2961,987,81,1,3.87,0.19,3.68
2962,988,106,2,7.13,0.0,14.26
2963,988,121,4,1.04,0.0,4.16
2964,988,85,2,3.63,0.0,7.26
2965,989,66,1,8.85,0.44,8.41
2966,989,41,5,6.75,0.0,33.75
2967,989,110,5,5.92,2.96,26.64
2968,990,26,1,4.96,0.0,4.96
2969,990,133,3,1.51,0.0,4.53
2970,990,9,3,7.17,0.0,21.51
2971,991,49,1,1.02,0.1,0.92
2972,991,61,5,0.72,0.0,3.6
2973,991,32,2,3.31,0.33,6.29
2974,992,131,1,5.73,0.0,5.73
2975,992,101,1,9.87,0.0,9.87
2976,992,93,1,2.96,0.0,2.96
2977,993,11,2,6.23,0.0,12.46
2978,993,86,3,6.45,0.0,19.35
2979,993,37,5,1.1,0.0,5.5
2980,994,45,2,6.23,0.0,12.46
2981,994,109,1,4.66,0.0,4.66
2982,994,127,1,7.2,0.0,7.2
2983,995,86,1,6.45,0.0,6.45
2984,995,1,1,6.24,0.0,6.24
2985,995,29,1,6.81,0.68,6.13
2986,996,78,2,6.68,0.0,13.36
2987,996,64,1,7.64,0.0,7.64
2988,996,5,1,5.9,0.0,5.9
2989,997,23,1,8.47,0.0,8.47
2990,997,2,2,3.76,0.0,7.52
2991,997,105,1,5.49,0.0,5.49
2992,998,114,2,4.66,0.0,9.32
2993,998,46,2,10.25,0.0,20.5
2994,998,7,1,4.26,0.0,4.26
2995,999,28,1,4.12,0.0,4.12
2996,999,33,2,4.88,0.0,9.76
2997,999,148,4,9.52,0.0,38.08
2998,1000,18,5,6.74,1.69,32.01
2999,1000,94,2,7.89,0.0,15.78
3000,1000,77,5,6.44,0.0,32.2
