sale_id,store_id,customer_id,employee_id,sale_timestamp,sales_subtotal,discount_total,tax_total,points_earned,points_redeemed,total_amount
1,2,75.0,29,2025-04-19 18:07:00,47.6,0.0,4.22,47,10,51.72
2,1,63.0,1,2025-04-26 15:22:00,61.69,0.0,5.47,61,0,67.16
3,5,,61,2025-11-29 16:09:00,12.12,0.0,1.08,0,0,13.2
4,5,,72,2025-11-15 11:37:00,29.63,0.0,2.63,0,0,32.26
5,5,,72,2025-08-25 09:51:00,23.83,0.0,2.11,0,0,25.94
6,4,,47,2025-07-25 15:58:00,27.47,0.48,2.4,0,0,29.39
7,2,162.0,17,2025-04-27 16:43:00,25.34,0.0,2.25,25,20,27.39
8,4,98.0,57,2025-06-17 15:59:00,25.42,0.0,2.26,25,20,27.48
9,4,,60,2025-09-06 14:06:00,16.24,0.0,1.44,0,0,17.68
10,1,,10,2025-06-15 13:29:00,29.26,0.86,2.52,0,0,30.92
11,3,8.0,41,2025-07-02 20:05:00,19.73,0.0,1.75,19,0,21.48
12,4,27.0,60,2025-09-26 13:57:00,48.44,0.0,4.3,48,0,52.74
13,4,2.0,47,2025-06-29 18:51:00,43.08,0.0,3.82,43,10,46.8
14,4,194.0,57,2025-08-30 19:21:00,69.29,0.0,6.15,69,0,75.44
15,4,21.0,57,2025-11-22 17:43:00,24.92,0.0,2.21,24,10,27.03
16,3,144.0,43,2025-09-29 18:14:00,24.22,0.0,2.15,24,0,26.37
17,5,2.0,73,2025-11-01 11:39:00,19.12,0.0,1.7,19,0,20.82
18,4,36.0,57,2025-05-11 08:13:00,43.12,1.15,3.72,41,30,45.39
19,1,57.0,11,2025-01-11 16:30:00,14.99,0.0,1.33,14,0,16.32
20,5,129.0,61,2025-12-04 19:54:00,20.5,0.0,1.82,20,0,22.32
21,4,197.0,46,2025-05-13 11:10:00,31.56,0.0,2.8,31,0,34.36
22,3,36.0,41,2025-09-23 12:31:00,38.0,0.0,3.37,38,0,41.37
23,3,,31,2025-04-24 14:26:00,34.81,0.0,3.09,0,0,37.9
24,5,162.0,61,2025-07-29 13:02:00,23.97,0.0,2.13,23,0,26.1
25,4,199.0,60,2025-12-08 17:29:00,29.39,2.01,2.43,27,0,29.81
26,5,145.0,73,2025-09-27 08:22:00,29.57,0.62,2.57,28,0,31.52
27,5,194.0,75,2025-10-10 16:21:00,32.98,0.0,2.93,32,30,35.61
28,3,,42,2025-11-20 11:59:00,39.45,0.0,3.5,0,0,42.95
29,3,176.0,43,2025-12-07 17:36:00,71.61,0.0,6.36,71,0,77.97
30,4,163.0,46,2025-08-27 17:22:00,19.79,0.55,1.71,19,0,20.95
31,4,69.0,57,2025-11-23 10:42:00,11.22,0.0,1.0,11,0,12.22
32,1,,10,2025-12-13 16:06:00,20.36,0.0,1.81,0,0,22.17
33,5,,75,2025-08-03 19:59:00,35.55,0.0,3.16,0,0,38.71
34,1,,14,2025-08-17 10:28:00,16.98,0.31,1.48,0,0,18.15
35,4,,46,2025-09-23 19:06:00,19.2,0.0,1.7,0,0,20.9
36,4,63.0,47,2025-07-22 20:28:00,81.81,5.62,6.76,76,30,82.65
37,4,64.0,46,2025-06-10 18:37:00,27.31,0.21,2.41,27,0,29.51
38,1,1.0,1,2025-12-20 10:49:00,37.7,1.0,3.26,36,20,39.76
39,3,195.0,31,2025-07-31 10:31:00,30.34,0.0,2.69,30,0,33.03
40,2,155.0,28,2025-03-21 19:51:00,19.51,0.24,1.71,19,0,20.98
41,1,153.0,10,2025-06-10 14:06:00,35.38,0.0,3.14,35,0,38.52
42,1,75.0,12,2025-03-29 17:24:00,66.56,3.54,5.59,63,0,68.61
43,4,,57,2025-04-28 19:34:00,15.06,0.0,1.34,0,0,16.4
44,4,14.0,60,2025-11-29 20:44:00,34.17,0.0,3.03,34,20,37.0
45,5,,62,2025-10-21 20:02:00,15.71,0.8,1.32,0,0,16.23
46,2,,28,2025-04-09 14:13:00,17.85,0.47,1.54,0,0,18.92
47,3,41.0,43,2025-10-05 20:04:00,25.05,0.93,2.14,24,0,26.26
48,5,,73,2025-10-18 17:22:00,19.31,0.86,1.64,0,0,20.09
49,5,171.0,72,2025-12-24 17:08:00,42.74,0.84,3.72,41,0,45.62
50,2,127.0,17,2025-01-18 09:19:00,19.21,0.0,1.7,19,0,20.91
51,4,,60,2025-12-05 12:49:00,14.9,0.0,1.32,0,0,16.22
52,4,4.0,57,2025-06-02 17:30:00,51.67,0.98,4.5,50,20,54.99
53,1,38.0,11,2025-10-14 18:28:00,16.31,0.0,1.45,16,0,17.76
54,1,14.0,2,2025-08-19 19:14:00,51.68,0.0,4.59,51,20,56.07
55,1,,12,2025-01-04 15:36:00,9.96,0.0,0.88,0,0,10.84
56,1,32.0,12,2025-10-27 19:28:00,33.53,0.0,2.98,33,10,36.41
57,2,75.0,30,2025-01-18 14:38:00,102.7,0.32,9.09,102,0,111.47
58,3,39.0,42,2025-09-08 17:45:00,7.42,0.0,0.66,7,0,8.08
59,4,109.0,46,2025-07-17 19:18:00,45.45,0.75,3.97,44,10,48.57
60,5,24.0,73,2025-08-17 19:22:00,28.83,0.0,2.56,28,0,31.39
61,5,43.0,62,2025-11-14 17:14:00,24.55,0.33,2.15,24,20,26.17
62,2,,26,2025-07-27 11:02:00,14.59,0.0,1.29,0,0,15.88
63,5,139.0,73,2025-11-12 17:17:00,33.26,0.3,2.93,32,0,35.89
64,2,189.0,25,2025-05-25 19:31:00,61.31,0.0,5.44,61,20,66.55
65,1,176.0,2,2025-05-24 15:34:00,14.64,0.0,1.3,14,0,15.94
66,1,181.0,11,2025-04-26 16:59:00,29.44,0.0,2.61,29,0,32.05
67,5,189.0,61,2025-08-20 18:55:00,32.84,0.0,2.91,32,0,35.75
68,3,94.0,41,2025-10-04 18:54:00,49.01,0.23,4.33,48,20,52.91
69,5,47.0,61,2025-10-12 15:24:00,17.57,0.55,1.51,17,0,18.53
70,3,,41,2025-12-30 12:51:00,17.63,0.34,1.53,0,0,18.82
71,4,,57,2025-06-23 20:21:00,13.03,0.0,1.16,0,0,14.19
72,4,194.0,47,2025-04-20 13:00:00,38.11,0.7,3.32,37,10,40.63
73,1,132.0,11,2025-08-02 13:28:00,29.65,0.0,2.63,29,0,32.28
74,1,119.0,2,2025-01-15 14:37:00,26.29,0.0,2.33,26,0,28.62
75,5,51.0,61,2025-08-23 17:49:00,44.66,0.0,3.96,44,0,48.62
76,5,189.0,73,2025-08-20 16:14:00,32.09,0.0,2.85,32,0,34.94
77,1,,11,2025-01-16 18:20:00,14.63,0.0,1.3,0,0,15.93
78,1,63.0,2,2025-09-27 09:43:00,38.43,0.0,3.41,38,0,41.84
79,5,36.0,61,2025-12-08 16:32:00,79.65,0.0,7.07,79,0,86.72
80,3,185.0,43,2025-07-18 12:04:00,25.28,0.37,2.21,24,0,27.12
81,4,62.0,57,2025-12-05 11:57:00,37.41,0.0,3.32,37,0,40.73
82,4,28.0,47,2025-08-17 20:59:00,38.53,0.0,3.42,38,0,41.95
83,1,191.0,11,2025-08-10 10:50:00,25.66,0.38,2.24,25,0,27.52
84,4,,60,2025-07-13 12:42:00,38.87,0.0,3.45,0,0,42.32
85,4,56.0,60,2025-07-23 20:32:00,30.85,0.34,2.71,30,10,33.12
86,5,153.0,61,2025-10-30 18:38:00,18.35,1.18,1.52,17,0,18.69
87,3,55.0,41,2025-07-22 15:21:00,50.68,0.0,4.5,50,20,54.98
88,2,25.0,29,2025-10-15 14:28:00,27.04,0.0,2.4,27,0,29.44
89,4,109.0,57,2025-12-06 14:38:00,20.01,0.0,1.78,20,0,21.79
90,2,,17,2025-10-22 12:59:00,29.55,0.0,2.62,0,0,32.17
91,3,63.0,41,2025-10-21 15:21:00,33.04,1.03,2.84,32,10,34.75
92,2,,17,2025-02-02 15:31:00,14.08,0.27,1.23,0,0,15.04
93,4,,46,2025-11-08 19:10:00,12.78,0.0,1.13,0,0,13.91
94,1,,14,2025-04-10 16:08:00,19.9,1.1,1.67,0,0,20.47
95,5,141.0,72,2025-12-06 08:58:00,37.1,1.71,3.14,35,10,38.43
96,3,75.0,32,2025-06-15 11:21:00,70.41,1.34,6.13,69,0,75.2
97,5,10.0,62,2025-12-17 17:47:00,41.23,1.06,3.57,40,20,43.54
98,5,127.0,73,2025-12-24 19:48:00,27.02,0.25,2.38,26,30,28.85
99,3,,31,2025-03-05 12:05:00,16.53,0.14,1.45,0,0,17.84
100,1,103.0,12,2025-01-04 17:11:00,40.27,0.98,3.49,39,0,42.78
101,3,83.0,32,2025-08-15 20:36:00,48.82,0.0,4.33,48,0,53.15
102,3,,41,2025-07-23 16:20:00,13.07,0.0,1.16,0,0,14.23
103,3,183.0,41,2025-10-14 20:27:00,18.05,0.0,1.6,18,0,19.65
104,3,42.0,41,2025-08-10 17:17:00,34.9,0.0,3.1,34,0,38.0
105,3,,41,2025-04-06 11:38:00,18.26,0.0,1.62,0,0,19.88
106,4,141.0,60,2025-12-15 17:01:00,26.04,1.84,2.15,24,30,26.05
107,4,139.0,60,2025-04-20 19:23:00,33.27,0.59,2.9,32,30,35.28
108,2,135.0,25,2025-12-14 17:58:00,28.92,0.0,2.57,28,0,31.49
109,1,79.0,14,2025-09-21 19:55:00,20.76,0.0,1.84,20,30,22.3
110,1,,2,2025-04-16 17:47:00,35.69,0.0,3.17,0,0,38.86
111,5,190.0,62,2025-11-17 13:43:00,22.85,0.0,2.03,22,0,24.88
112,4,,46,2025-10-20 13:06:00,14.21,0.0,1.26,0,0,15.47
113,5,,61,2025-11-30 13:40:00,17.59,0.0,1.56,0,0,19.15
114,4,,57,2025-06-15 17:43:00,17.86,0.0,1.59,0,0,19.45
115,2,27.0,30,2025-06-26 16:40:00,29.66,0.0,2.63,29,20,32.09
116,5,,61,2025-12-24 19:27:00,32.4,0.0,2.88,0,0,35.28
117,1,79.0,11,2025-07-28 12:40:00,43.54,0.0,3.86,43,0,47.4
118,4,80.0,47,2025-10-02 16:56:00,40.96,0.0,3.64,40,0,44.6
119,2,140.0,26,2025-07-01 18:06:00,38.04,0.0,3.38,38,20,41.22
120,2,,25,2025-12-21 19:28:00,17.09,0.0,1.52,0,0,18.61
121,2,25.0,30,2025-09-06 11:44:00,12.81,0.52,1.09,12,0,13.38
122,3,,31,2025-03-02 19:38:00,68.83,1.05,6.02,0,0,73.8
123,3,160.0,43,2025-04-10 13:03:00,21.18,0.0,1.88,21,0,23.06
124,3,87.0,42,2025-05-11 17:16:00,26.58,0.0,2.36,26,20,28.74
125,5,57.0,61,2025-08-22 18:26:00,38.41,0.0,3.41,38,10,41.72
126,2,,29,2025-11-23 16:39:00,34.77,0.0,3.09,0,0,37.86
127,4,,57,2025-05-15 16:51:00,30.21,0.0,2.68,0,0,32.89
128,3,16.0,41,2025-10-22 13:33:00,15.03,0.0,1.33,15,0,16.36
129,2,,17,2025-07-20 20:55:00,25.37,0.26,2.23,0,0,27.34
130,4,154.0,57,2025-06-28 11:00:00,23.58,0.0,2.09,23,0,25.67
131,1,142.0,14,2025-01-08 20:10:00,41.95,0.0,3.72,41,30,45.37
132,2,42.0,25,2025-01-10 17:41:00,110.4,1.01,9.71,109,10,119.0
133,3,,42,2025-11-05 19:04:00,20.72,0.0,1.84,0,0,22.56
134,3,152.0,41,2025-09-25 18:58:00,72.04,0.0,6.39,72,0,78.43
135,1,100.0,14,2025-10-03 18:27:00,39.7,0.0,3.52,39,20,43.02
136,3,194.0,41,2025-01-25 13:30:00,22.81,1.79,1.87,21,0,22.89
137,3,75.0,42,2025-06-19 12:32:00,70.38,0.0,6.25,70,30,76.33
138,2,152.0,25,2025-01-07 16:28:00,33.26,0.0,2.95,33,0,36.21
139,2,158.0,28,2025-12-25 14:41:00,33.76,0.0,3.0,33,0,36.76
140,2,66.0,26,2025-02-24 17:37:00,40.93,0.0,3.63,40,0,44.56
141,2,158.0,16,2025-02-23 17:03:00,42.31,0.0,3.76,42,20,45.87
142,4,81.0,46,2025-06-18 13:38:00,21.13,0.0,1.88,21,0,23.01
143,3,,42,2025-01-17 18:34:00,21.4,0.0,1.9,0,0,23.3
144,3,155.0,32,2025-12-21 12:58:00,29.63,0.59,2.58,29,10,31.52
145,1,,1,2025-09-20 14:33:00,17.45,0.0,1.55,0,0,19.0
146,4,,57,2025-05-25 15:56:00,33.01,0.86,2.85,0,0,35.0
147,3,154.0,43,2025-03-17 18:25:00,22.25,0.0,1.97,22,30,23.92
148,1,53.0,2,2025-02-15 20:20:00,50.39,0.0,4.47,50,20,54.66
149,4,66.0,60,2025-07-20 17:33:00,15.77,0.0,1.4,15,0,17.17
150,4,38.0,47,2025-08-17 12:33:00,31.95,0.0,2.84,31,30,34.49
151,4,2.0,46,2025-08-17 13:44:00,35.59,0.0,3.16,35,0,38.75
152,2,132.0,25,2025-09-17 16:10:00,54.76,2.5,4.64,52,10,56.8
153,1,52.0,2,2025-08-27 19:18:00,38.56,0.52,3.38,38,0,41.42
154,5,118.0,61,2025-12-12 17:35:00,26.84,0.5,2.34,26,0,28.68
155,3,86.0,32,2025-09-09 10:16:00,29.32,0.0,2.6,29,20,31.72
156,3,159.0,43,2025-03-02 16:38:00,35.76,0.75,3.11,35,20,37.92
157,2,50.0,29,2025-10-30 19:50:00,28.92,0.42,2.53,28,0,31.03
158,2,134.0,30,2025-03-23 20:20:00,14.77,0.07,1.3,14,0,16.0
159,1,,1,2025-12-23 11:42:00,14.34,0.0,1.27,0,0,15.61
160,3,112.0,42,2025-05-04 18:22:00,38.27,0.0,3.4,38,0,41.67
161,2,,17,2025-07-15 16:10:00,15.43,0.0,1.37,0,0,16.8
162,5,,75,2025-12-06 18:28:00,32.8,0.0,2.91,0,0,35.71
163,3,107.0,41,2025-10-25 18:01:00,22.44,0.0,1.99,22,30,24.13
164,5,166.0,73,2025-12-10 18:56:00,47.21,0.0,4.19,47,0,51.4
165,5,3.0,62,2025-12-23 14:28:00,40.87,2.23,3.43,38,30,41.77
166,3,192.0,41,2025-03-26 17:32:00,30.57,0.0,2.71,30,0,33.28
167,5,12.0,62,2025-10-25 09:17:00,25.35,0.0,2.25,25,0,27.6
168,4,,47,2025-12-26 19:38:00,39.02,0.0,3.46,0,0,42.48
169,4,,47,2025-08-23 15:51:00,9.13,0.0,0.81,0,0,9.94
170,1,,1,2025-05-19 17:55:00,25.68,0.45,2.24,0,0,27.47
171,5,188.0,73,2025-07-17 19:20:00,19.11,0.0,1.7,19,0,20.81
172,1,4.0,2,2025-07-24 20:53:00,40.82,0.0,3.62,40,30,44.14
173,4,143.0,60,2025-12-10 19:33:00,10.23,0.23,0.89,10,0,10.89
174,1,52.0,11,2025-09-06 15:09:00,80.35,0.45,7.09,79,20,86.79
175,4,141.0,60,2025-05-03 15:11:00,64.53,0.0,5.73,64,0,70.26
176,4,26.0,46,2025-11-27 20:29:00,21.16,0.0,1.88,21,20,22.84
177,4,35.0,60,2025-10-18 17:46:00,59.25,3.32,4.96,55,0,60.89
178,1,1.0,14,2025-04-30 17:40:00,44.8,2.2,3.78,42,10,46.28
179,3,125.0,42,2025-02-14 18:47:00,12.54,0.0,1.11,12,0,13.65
180,4,,46,2025-05-16 09:17:00,30.17,0.0,2.68,0,0,32.85
181,1,33.0,10,2025-04-29 12:16:00,11.48,0.0,1.02,11,0,12.5
182,4,173.0,60,2025-06-21 16:28:00,46.19,0.0,4.1,46,20,50.09
183,5,,75,2025-11-09 11:24:00,75.69,0.71,6.65,0,0,81.63
184,1,185.0,1,2025-08-02 20:13:00,18.21,0.0,1.62,18,0,19.83
185,2,,17,2025-12-23 16:05:00,21.63,0.0,1.92,0,0,23.55
186,3,99.0,31,2025-04-01 12:30:00,10.58,0.21,0.92,10,0,11.29
187,1,9.0,10,2025-08-09 14:44:00,17.42,0.0,1.55,17,0,18.97
188,1,106.0,11,2025-05-16 19:11:00,27.78,0.0,2.47,27,20,30.05
189,5,189.0,62,2025-08-29 15:37:00,49.07,0.0,4.35,49,10,53.32
190,4,,47,2025-08-07 15:46:00,15.94,0.0,1.41,0,0,17.35
191,3,183.0,41,2025-05-17 17:48:00,30.97,0.0,2.75,30,0,33.72
192,5,172.0,62,2025-12-21 10:37:00,78.14,0.0,6.93,78,20,84.87
193,1,,1,2025-07-12 19:12:00,28.6,0.47,2.5,0,0,30.63
194,5,11.0,75,2025-10-18 11:19:00,57.45,0.0,5.1,57,30,62.25
195,5,176.0,75,2025-07-27 14:12:00,41.25,0.25,3.64,41,0,44.64
196,5,35.0,73,2025-08-28 10:09:00,12.54,0.0,1.11,12,0,13.65
197,4,137.0,60,2025-11-27 14:43:00,33.23,0.0,2.95,33,0,36.18
198,3,73.0,32,2025-04-02 15:24:00,14.82,0.0,1.32,14,0,16.14
199,1,,1,2025-10-12 11:52:00,17.9,0.0,1.59,0,0,19.49
200,4,178.0,47,2025-12-04 17:01:00,35.68,0.0,3.17,35,10,38.75
201,2,2.0,29,2025-08-16 18:48:00,11.19,0.0,0.99,11,0,12.18
202,3,80.0,43,2025-02-13 12:05:00,59.01,1.68,5.09,57,0,62.42
203,2,140.0,28,2025-09-02 15:16:00,27.66,0.24,2.43,27,0,29.85
204,5,89.0,73,2025-09-20 11:22:00,16.69,0.89,1.4,15,0,17.2
205,4,,57,2025-05-07 19:10:00,14.11,0.0,1.25,0,0,15.36
206,2,178.0,26,2025-08-03 14:27:00,43.35,3.54,3.53,39,0,43.34
207,4,131.0,46,2025-07-02 13:23:00,56.84,0.25,5.02,56,0,61.61
208,4,,60,2025-10-22 19:50:00,24.55,0.0,2.18,0,0,26.73
209,2,,16,2025-06-08 18:09:00,17.62,0.0,1.56,0,0,19.18
210,1,166.0,10,2025-12-17 18:27:00,16.37,0.0,1.45,16,0,17.82
211,1,164.0,2,2025-04-17 11:16:00,29.84,0.67,2.59,29,0,31.76
212,3,75.0,41,2025-09-14 18:26:00,37.7,0.0,3.35,37,0,41.05
213,1,9.0,11,2025-05-03 17:47:00,34.38,0.0,3.05,34,10,37.33
214,3,139.0,31,2025-03-19 16:57:00,63.22,4.37,5.22,58,20,63.87
215,2,175.0,16,2025-12-24 18:36:00,30.55,0.32,2.68,30,0,32.91
216,3,123.0,41,2025-02-13 14:24:00,48.3,0.0,4.29,48,0,52.59
217,3,118.0,32,2025-10-03 14:11:00,40.8,0.0,3.62,40,0,44.42
218,5,,62,2025-08-19 17:07:00,29.36,0.0,2.61,0,0,31.97
219,5,73.0,62,2025-10-19 20:23:00,14.29,0.62,1.21,13,0,14.88
220,4,59.0,47,2025-06-08 20:32:00,37.16,2.36,3.09,34,0,37.89
221,4,101.0,57,2025-09-22 19:01:00,24.3,0.57,2.11,23,0,25.84
222,4,123.0,46,2025-10-07 13:06:00,11.63,0.0,1.03,11,0,12.66
223,2,181.0,26,2025-01-07 13:37:00,55.85,0.0,4.96,55,0,60.81
224,3,106.0,41,2025-08-17 16:20:00,41.98,0.85,3.65,41,0,44.78
225,2,,29,2025-06-16 15:34:00,20.7,0.0,1.84,0,0,22.54
226,4,199.0,60,2025-10-11 12:40:00,16.23,0.0,1.44,16,0,17.67
227,3,,32,2025-12-28 10:23:00,22.9,0.0,2.03,0,0,24.93
228,2,177.0,26,2025-10-09 15:39:00,18.67,0.38,1.62,18,0,19.91
229,3,113.0,41,2025-06-20 20:15:00,19.36,0.0,1.72,19,0,21.08
230,3,,32,2025-07-27 14:06:00,29.79,0.0,2.64,0,0,32.43
231,3,157.0,41,2025-04-01 10:35:00,14.71,0.88,1.23,13,0,15.06
232,3,109.0,41,2025-10-12 15:42:00,35.03,0.0,3.11,35,0,38.14
233,5,114.0,62,2025-12-26 18:54:00,27.54,0.0,2.44,27,20,29.78
234,3,,41,2025-10-14 13:59:00,15.11,0.21,1.32,0,0,16.22
235,5,,72,2025-09-15 08:41:00,13.82,0.0,1.23,0,0,15.05
236,1,82.0,2,2025-12-05 14:40:00,14.6,0.0,1.3,14,0,15.9
237,1,172.0,14,2025-03-27 17:01:00,52.42,0.0,4.65,52,0,57.07
238,2,90.0,16,2025-04-05 17:47:00,32.87,0.3,2.89,32,0,35.46
239,4,48.0,57,2025-11-12 14:23:00,61.55,0.19,5.45,61,0,66.81
240,4,43.0,60,2025-06-14 15:04:00,47.48,0.89,4.13,46,0,50.72
241,5,70.0,75,2025-08-10 15:29:00,39.81,0.0,3.53,39,30,43.04
242,3,31.0,31,2025-02-24 17:29:00,7.1,0.0,0.63,7,0,7.73
243,4,148.0,57,2025-04-28 18:55:00,37.68,0.58,3.29,37,0,40.39
244,3,,32,2025-10-24 20:07:00,28.14,0.0,2.5,0,0,30.64
245,4,,57,2025-09-23 20:30:00,12.45,0.55,1.06,0,0,12.96
246,5,,62,2025-07-12 19:23:00,15.55,0.0,1.38,0,0,16.93
247,3,18.0,41,2025-12-12 17:54:00,38.83,0.0,3.45,38,0,42.28
248,2,101.0,30,2025-11-05 18:09:00,26.39,0.0,2.34,26,30,28.43
249,5,19.0,72,2025-11-30 12:57:00,15.17,0.0,1.35,15,0,16.52
250,4,105.0,60,2025-11-02 18:44:00,44.14,0.0,3.92,44,30,47.76
251,2,5.0,29,2025-04-14 09:56:00,26.96,0.0,2.39,26,30,29.05
252,3,,43,2025-05-25 13:36:00,38.6,0.0,3.43,0,0,42.03
253,4,186.0,46,2025-08-17 15:09:00,31.85,0.0,2.83,31,0,34.68
254,4,116.0,60,2025-11-30 13:09:00,13.85,0.0,1.23,13,0,15.08
255,4,,46,2025-06-20 18:25:00,29.74,0.45,2.6,0,0,31.89
256,3,145.0,43,2025-12-03 20:33:00,46.25,0.95,4.02,45,0,49.32
257,3,58.0,43,2025-11-22 16:57:00,31.86,0.34,2.8,31,20,34.12
258,3,44.0,43,2025-09-13 10:38:00,41.1,0.95,3.56,40,20,43.51
259,4,169.0,60,2025-11-12 17:53:00,19.64,0.0,1.74,19,0,21.38
260,4,,47,2025-11-21 18:23:00,15.02,0.66,1.27,0,0,15.63
261,4,171.0,60,2025-07-27 10:54:00,50.43,0.0,4.48,50,0,54.91
262,4,73.0,47,2025-12-04 20:16:00,19.9,0.0,1.77,19,0,21.67
263,5,,75,2025-08-05 20:44:00,27.38,0.0,2.43,0,0,29.81
264,4,52.0,60,2025-05-28 20:57:00,32.36,0.62,2.82,31,0,34.56
265,5,162.0,72,2025-10-10 09:29:00,13.88,0.0,1.23,13,0,15.11
266,1,,12,2025-11-26 09:12:00,10.94,0.0,0.97,0,0,11.91
267,3,164.0,42,2025-06-22 16:19:00,23.98,0.0,2.13,23,10,26.01
268,4,157.0,57,2025-09-16 19:37:00,18.84,0.0,1.67,18,0,20.51
269,5,117.0,73,2025-10-26 15:31:00,18.84,0.0,1.67,18,0,20.51
270,4,79.0,60,2025-07-09 16:15:00,36.88,0.89,3.19,35,10,39.08
271,2,51.0,29,2025-09-12 16:00:00,50.3,0.38,4.43,49,10,54.25
272,2,121.0,25,2025-12-24 15:06:00,30.96,0.0,2.75,30,0,33.71
273,5,36.0,75,2025-09-24 17:13:00,41.33,1.67,3.52,39,0,43.18
274,2,166.0,25,2025-04-26 18:36:00,19.35,0.48,1.67,18,0,20.54
275,4,48.0,47,2025-07-07 12:42:00,31.85,0.42,2.79,31,0,34.22
276,1,157.0,12,2025-12-20 20:14:00,17.87,0.0,1.59,17,0,19.46
277,5,83.0,61,2025-09-29 19:53:00,42.76,0.0,3.79,42,20,46.35
278,4,118.0,60,2025-08-10 15:26:00,27.89,0.0,2.48,27,0,30.37
279,3,,42,2025-11-01 20:52:00,32.98,0.0,2.93,0,0,35.91
280,4,103.0,57,2025-06-06 18:50:00,24.99,0.0,2.22,24,0,27.21
281,3,,41,2025-08-03 18:28:00,26.88,0.0,2.39,0,0,29.27
282,5,193.0,75,2025-07-21 12:30:00,38.27,0.0,3.4,38,10,41.57
283,5,138.0,61,2025-12-24 18:15:00,18.73,0.27,1.64,18,0,20.1
284,2,86.0,28,2025-08-16 14:23:00,59.98,0.0,5.32,59,0,65.3
285,3,,41,2025-04-27 15:20:00,16.01,0.0,1.42,0,0,17.43
286,5,,62,2025-11-19 19:19:00,25.03,0.15,2.21,0,0,27.09
287,4,176.0,60,2025-09-11 15:35:00,39.37,0.0,3.49,39,0,42.86
288,3,,42,2025-04-30 08:55:00,16.51,0.0,1.47,0,0,17.98
289,5,,61,2025-11-15 13:47:00,18.64,0.49,1.61,0,0,19.76
290,5,180.0,75,2025-08-05 15:16:00,12.32,0.0,1.09,12,0,13.41
291,4,142.0,57,2025-12-18 11:53:00,10.24,0.15,0.9,10,0,10.99
292,3,9.0,42,2025-12-07 16:55:00,29.62,0.0,2.63,29,0,32.25
293,5,19.0,73,2025-11-29 16:05:00,35.23,0.0,3.13,35,0,38.36
294,5,,73,2025-11-27 16:36:00,41.49,0.0,3.68,0,0,45.17
295,5,,62,2025-10-26 20:52:00,38.9,0.0,3.45,0,0,42.35
296,2,,29,2025-06-19 19:04:00,18.48,0.0,1.64,0,0,20.12
297,2,,29,2025-08-04 15:56:00,25.83,0.0,2.29,0,0,28.12
298,1,,10,2025-08-03 08:00:00,17.06,0.47,1.47,0,0,18.06
299,2,103.0,26,2025-06-10 13:29:00,18.18,0.0,1.61,18,0,19.79
300,4,,47,2025-06-03 19:09:00,17.27,0.76,1.47,0,0,17.98
301,2,12.0,28,2025-02-26 13:34:00,32.74,0.0,2.91,32,10,35.55
302,3,,43,2025-02-10 19:12:00,33.28,0.0,2.95,0,0,36.23
303,2,,30,2025-06-08 13:49:00,27.43,0.0,2.43,0,0,29.86
304,3,77.0,41,2025-03-06 19:28:00,33.66,0.0,2.99,33,20,36.45
305,5,65.0,62,2025-12-09 12:49:00,31.27,0.0,2.78,31,0,34.05
306,3,143.0,31,2025-11-03 10:07:00,19.5,0.0,1.73,19,0,21.23
307,1,102.0,11,2025-03-22 20:12:00,58.72,1.83,5.05,56,0,61.94
308,2,135.0,28,2025-02-06 16:00:00,27.78,0.0,2.47,27,0,30.25
309,3,100.0,31,2025-06-15 20:27:00,23.33,0.21,2.05,23,30,24.87
310,5,,73,2025-11-03 12:56:00,23.02,1.05,1.95,0,0,23.92
311,3,45.0,43,2025-12-19 13:11:00,21.42,0.97,1.81,20,0,22.26
312,3,11.0,31,2025-03-02 11:51:00,24.78,0.0,2.2,24,10,26.88
313,2,82.0,16,2025-10-04 13:11:00,12.25,0.33,1.06,11,0,12.98
314,5,,73,2025-12-27 18:23:00,34.67,0.48,3.03,0,0,37.22
315,5,168.0,75,2025-07-22 11:58:00,29.21,0.41,2.56,28,0,31.36
316,5,134.0,72,2025-10-28 09:47:00,46.64,0.0,4.14,46,0,50.78
317,5,149.0,61,2025-12-20 09:10:00,25.95,0.52,2.26,25,0,27.69
318,1,134.0,12,2025-05-11 12:26:00,24.38,0.0,2.16,24,20,26.34
319,5,100.0,61,2025-10-12 11:30:00,60.98,0.0,5.41,60,0,66.39
320,5,128.0,73,2025-08-19 13:30:00,24.61,0.25,2.16,24,0,26.52
321,3,45.0,32,2025-11-09 17:42:00,39.55,0.0,3.51,39,30,42.76
322,1,,11,2025-02-08 15:15:00,20.03,0.89,1.7,0,0,20.84
323,2,128.0,16,2025-03-12 17:33:00,33.03,0.0,2.93,33,0,35.96
324,3,,42,2025-12-28 13:27:00,25.34,0.0,2.25,0,0,27.59
325,3,,31,2025-03-09 18:40:00,27.05,0.89,2.32,0,0,28.48
326,1,60.0,12,2025-03-16 12:25:00,32.54,2.65,2.65,29,0,32.54
327,2,159.0,16,2025-08-03 16:28:00,36.33,0.0,3.22,36,0,39.55
328,5,174.0,72,2025-09-27 13:59:00,41.5,1.18,3.58,40,0,43.9
329,2,157.0,30,2025-12-31 12:29:00,33.1,0.0,2.94,33,0,36.04
330,4,90.0,46,2025-10-10 14:41:00,32.83,1.84,2.75,30,10,33.64
331,1,,10,2025-07-23 10:07:00,11.68,0.0,1.04,0,0,12.72
332,3,20.0,41,2025-05-02 19:11:00,35.01,0.0,3.11,35,0,38.12
333,3,40.0,31,2025-12-15 20:12:00,12.71,0.0,1.13,12,0,13.84
334,4,99.0,60,2025-07-16 17:51:00,13.91,0.61,1.18,13,0,14.48
335,3,,32,2025-07-27 18:23:00,20.9,0.0,1.85,0,0,22.75
336,1,,1,2025-09-13 17:53:00,16.19,0.0,1.44,0,0,17.63
337,5,,61,2025-11-16 16:54:00,13.54,0.0,1.2,0,0,14.74
338,2,148.0,16,2025-01-19 20:57:00,18.96,0.0,1.68,18,0,20.64
339,3,171.0,41,2025-05-11 18:13:00,22.04,0.89,1.88,21,0,23.03
340,5,45.0,62,2025-10-26 20:52:00,26.89,0.55,2.34,26,0,28.68
341,1,,11,2025-12-24 20:50:00,26.22,0.0,2.33,0,0,28.55
342,1,68.0,2,2025-06-07 17:08:00,28.17,0.85,2.42,27,30,29.44
343,5,,73,2025-07-25 18:13:00,25.33,0.0,2.25,0,0,27.58
344,3,80.0,43,2025-09-14 18:06:00,68.02,2.54,5.81,65,30,70.99
345,4,104.0,57,2025-09-21 12:29:00,22.26,0.0,1.98,22,0,24.24
346,1,,10,2025-11-25 18:02:00,31.66,0.86,2.73,0,0,33.53
347,3,188.0,43,2025-11-30 10:48:00,22.76,1.34,1.9,21,0,23.32
348,2,,26,2025-07-16 10:55:00,15.9,0.61,1.36,0,0,16.65
349,3,,43,2025-11-23 17:26:00,21.67,0.32,1.89,0,0,23.24
350,1,,2,2025-02-11 18:57:00,58.15,2.11,4.97,0,0,61.01
351,2,,30,2025-07-10 15:05:00,51.71,0.0,4.59,0,0,56.3
352,1,121.0,14,2025-09-25 16:06:00,13.17,0.0,1.17,13,0,14.34
353,5,165.0,73,2025-12-06 16:55:00,13.87,0.0,1.23,13,0,15.1
354,5,199.0,72,2025-09-13 17:36:00,44.09,0.0,3.91,44,0,48.0
355,1,165.0,11,2025-12-22 12:52:00,44.64,0.0,3.96,44,0,48.6
356,3,,31,2025-10-10 14:36:00,17.48,0.0,1.55,0,0,19.03
357,5,,61,2025-07-08 15:42:00,34.52,0.91,2.98,0,0,36.59
358,5,95.0,62,2025-08-11 12:51:00,24.01,0.16,2.12,23,30,25.67
359,1,108.0,10,2025-06-21 19:17:00,16.29,0.88,1.37,15,0,16.78
360,3,,32,2025-02-02 15:49:00,21.38,0.0,1.9,0,0,23.28
361,5,118.0,62,2025-08-10 18:49:00,25.54,0.0,2.27,25,0,27.81
362,5,69.0,72,2025-12-08 19:53:00,27.5,0.0,2.44,27,0,29.94
363,2,169.0,30,2025-12-06 10:48:00,17.83,0.31,1.55,17,0,19.07
364,3,184.0,43,2025-04-20 18:48:00,5.53,0.0,0.49,5,0,6.02
365,1,145.0,1,2025-03-06 08:18:00,31.74,0.0,2.82,31,0,34.56
366,4,,57,2025-09-05 15:05:00,18.59,0.67,1.59,0,0,19.51
367,1,83.0,2,2025-08-12 19:22:00,53.46,0.82,4.67,52,0,57.31
368,3,,42,2025-12-09 10:39:00,15.25,0.0,1.35,0,0,16.6
369,4,171.0,46,2025-05-03 20:42:00,33.92,1.39,2.89,32,0,35.42
370,5,56.0,75,2025-07-06 12:41:00,38.62,0.0,3.43,38,30,41.75
371,5,,62,2025-07-28 13:53:00,32.44,0.0,2.88,0,0,35.32
372,3,153.0,41,2025-08-03 20:25:00,40.46,2.08,3.41,38,30,41.49
373,4,109.0,60,2025-12-07 20:27:00,35.28,0.0,3.13,35,0,38.41
374,3,186.0,31,2025-12-03 20:20:00,16.3,0.33,1.42,15,0,17.39
375,5,141.0,62,2025-12-30 12:34:00,29.73,1.49,2.51,28,30,30.45
376,2,,16,2025-10-30 17:52:00,40.34,0.0,3.58,0,0,43.92
377,5,144.0,62,2025-09-28 17:27:00,54.52,0.0,4.84,54,0,59.36
378,1,107.0,10,2025-12-31 08:55:00,30.72,0.0,2.73,30,0,33.45
379,4,,57,2025-04-27 14:36:00,16.62,0.0,1.48,0,0,18.1
380,2,38.0,28,2025-11-30 09:13:00,16.05,0.0,1.42,16,0,17.47
381,4,141.0,57,2025-07-04 18:09:00,38.75,0.0,3.44,38,10,42.09
382,4,,47,2025-12-28 17:03:00,15.09,0.0,1.34,0,0,16.43
383,4,,57,2025-07-17 11:33:00,27.63,1.71,2.3,0,0,28.22
384,3,,42,2025-03-15 12:53:00,25.77,0.0,2.29,0,0,28.06
385,2,96.0,25,2025-08-31 16:44:00,43.46,2.82,3.61,40,0,44.25
386,5,83.0,72,2025-09-13 15:06:00,41.65,1.71,3.54,39,0,43.48
387,2,63.0,25,2025-03-09 15:12:00,75.56,2.86,6.45,72,0,79.15
388,2,99.0,29,2025-12-28 17:01:00,13.56,0.0,1.2,13,0,14.76
389,5,1.0,61,2025-07-13 16:00:00,26.57,0.72,2.29,25,30,27.84
390,1,,2,2025-05-25 09:23:00,26.23,0.0,2.33,0,0,28.56
391,5,54.0,62,2025-12-25 12:06:00,39.28,2.09,3.3,37,0,40.49
392,5,138.0,72,2025-12-19 17:32:00,27.74,0.0,2.46,27,0,30.2
393,1,26.0,2,2025-11-02 09:59:00,18.88,0.0,1.68,18,0,20.56
394,2,93.0,26,2025-05-11 12:38:00,12.3,0.0,1.09,12,0,13.39
395,1,112.0,11,2025-08-18 14:07:00,45.71,3.54,3.74,42,0,45.91
396,4,93.0,57,2025-04-27 12:50:00,15.76,0.0,1.4,15,0,17.16
397,3,,43,2025-05-24 19:06:00,18.58,0.0,1.65,0,0,20.23
398,5,,62,2025-07-19 17:36:00,12.2,0.16,1.07,0,0,13.11
399,4,43.0,57,2025-08-31 18:48:00,19.68,1.5,1.61,18,0,19.79
400,2,7.0,28,2025-12-15 15:06:00,53.13,0.0,4.72,53,0,57.85
401,2,55.0,26,2025-07-01 14:33:00,8.52,0.5,0.71,8,0,8.73
402,5,,72,2025-08-06 10:34:00,22.17,0.46,1.93,0,0,23.64
403,1,77.0,11,2025-04-28 09:22:00,12.88,0.4,1.11,12,0,13.59
404,5,,73,2025-07-11 19:33:00,28.64,0.0,2.54,0,0,31.18
405,5,132.0,62,2025-10-06 18:57:00,50.49,1.59,4.34,48,10,53.14
406,2,166.0,26,2025-05-02 18:02:00,29.03,0.0,2.58,29,10,31.51
407,5,,73,2025-08-09 18:57:00,18.6,0.0,1.65,0,0,20.25
408,2,,25,2025-11-01 19:52:00,13.99,0.0,1.24,0,0,15.23
409,2,167.0,28,2025-12-07 15:56:00,42.56,0.0,3.78,42,30,46.04
410,5,,75,2025-11-09 18:13:00,15.32,0.0,1.36,0,0,16.68
411,5,101.0,75,2025-11-03 19:17:00,34.82,0.0,3.09,34,30,37.61
412,5,96.0,75,2025-08-06 18:44:00,25.68,1.11,2.18,24,0,26.75
413,4,48.0,47,2025-05-15 18:04:00,52.95,0.0,4.7,52,20,57.45
414,2,186.0,25,2025-05-04 20:18:00,23.51,0.2,2.07,23,20,25.18
415,3,52.0,32,2025-04-27 17:35:00,67.2,0.25,5.94,66,0,72.89
416,5,25.0,75,2025-08-09 16:02:00,44.59,0.0,3.96,44,10,48.45
417,5,,75,2025-08-05 18:27:00,51.16,0.0,4.54,0,0,55.7
418,4,141.0,57,2025-08-08 11:49:00,29.94,0.0,2.66,29,20,32.4
419,2,,16,2025-05-01 17:55:00,20.6,0.0,1.83,0,0,22.43
420,5,114.0,72,2025-12-20 14:09:00,30.43,0.67,2.64,29,0,32.4
421,5,193.0,61,2025-10-05 12:01:00,37.34,0.0,3.31,37,0,40.65
422,5,45.0,75,2025-07-14 12:20:00,22.56,0.27,1.98,22,10,24.17
423,1,50.0,14,2025-09-14 15:23:00,50.7,0.89,4.42,49,30,53.93
424,1,32.0,11,2025-12-02 18:49:00,34.28,0.0,3.04,34,0,37.32
425,4,4.0,47,2025-11-30 18:59:00,51.54,0.0,4.57,51,20,55.91
426,4,41.0,47,2025-07-25 18:39:00,19.5,0.5,1.69,19,0,20.69
427,2,89.0,28,2025-12-27 17:56:00,9.96,0.0,0.88,9,0,10.84
428,3,47.0,41,2025-03-08 17:23:00,17.22,0.43,1.49,16,0,18.28
429,4,152.0,57,2025-08-06 13:25:00,27.11,0.0,2.41,27,0,29.52
430,1,89.0,2,2025-08-23 12:28:00,54.46,0.0,4.83,54,0,59.29
431,5,153.0,62,2025-09-28 14:15:00,26.78,0.0,2.38,26,20,28.96
432,2,,26,2025-03-15 12:57:00,15.97,0.0,1.42,0,0,17.39
433,3,114.0,42,2025-11-21 18:30:00,87.88,0.0,7.8,87,0,95.68
434,1,,10,2025-09-01 13:03:00,26.11,0.47,2.28,0,0,27.92
435,2,87.0,25,2025-05-08 19:28:00,18.91,0.0,1.68,18,0,20.59
436,1,129.0,2,2025-03-20 17:49:00,24.32,0.0,2.16,24,0,26.48
437,1,136.0,1,2025-06-01 18:55:00,28.45,0.0,2.52,28,30,30.67
438,4,99.0,60,2025-11-05 16:43:00,26.35,0.0,2.34,26,0,28.69
439,1,,14,2025-01-26 08:21:00,25.94,0.0,2.3,0,0,28.24
440,5,54.0,61,2025-08-30 19:53:00,50.66,0.3,4.47,50,30,54.53
441,1,,1,2025-08-23 13:30:00,19.1,0.47,1.65,0,0,20.28
442,2,,29,2025-03-08 13:57:00,28.36,0.0,2.52,0,0,30.88
443,5,,75,2025-08-02 11:10:00,52.72,0.0,4.68,0,0,57.4
444,3,41.0,32,2025-08-29 18:42:00,31.26,0.0,2.77,31,0,34.03
445,5,91.0,62,2025-12-19 10:30:00,40.15,0.0,3.56,40,0,43.71
446,1,,10,2025-01-08 18:37:00,27.26,1.18,2.31,0,0,28.39
447,4,107.0,57,2025-08-10 08:05:00,26.2,0.0,2.33,26,10,28.43
448,5,46.0,62,2025-07-14 11:59:00,28.34,0.0,2.52,28,0,30.86
449,5,20.0,75,2025-11-07 20:38:00,48.1,0.0,4.27,48,0,52.37
450,5,76.0,61,2025-10-04 17:12:00,70.34,0.0,6.24,70,0,76.58
451,3,50.0,32,2025-12-27 19:41:00,17.08,0.0,1.52,17,0,18.6
452,2,197.0,28,2025-04-26 15:42:00,24.51,0.43,2.14,24,30,25.92
453,1,,1,2025-07-26 11:47:00,19.29,1.08,1.62,0,0,19.83
454,4,186.0,57,2025-07-01 12:44:00,42.9,0.0,3.81,42,30,46.41
455,3,,31,2025-05-27 16:26:00,15.58,0.0,1.38,0,0,16.96
456,4,75.0,60,2025-05-16 14:05:00,25.74,0.0,2.28,25,30,27.72
457,5,147.0,75,2025-12-20 10:01:00,23.59,0.0,2.09,23,10,25.58
458,5,46.0,75,2025-12-02 10:51:00,30.84,0.0,2.74,30,0,33.58
459,2,,30,2025-02-04 10:55:00,7.85,0.0,0.7,0,0,8.55
460,5,,73,2025-07-14 17:40:00,30.97,0.64,2.69,0,0,33.02
461,5,65.0,61,2025-11-29 10:11:00,14.63,0.0,1.3,14,0,15.93
462,1,,14,2025-12-18 08:13:00,16.21,0.67,1.38,0,0,16.92
463,1,65.0,11,2025-02-01 13:38:00,40.48,0.0,3.59,40,0,44.07
464,4,88.0,47,2025-08-16 18:32:00,14.77,0.91,1.23,13,0,15.09
465,1,64.0,2,2025-03-09 12:44:00,36.94,1.22,3.17,35,0,38.89
466,4,,46,2025-05-31 19:10:00,19.48,0.24,1.71,0,0,20.95
467,3,67.0,31,2025-11-11 13:16:00,12.56,0.0,1.11,12,0,13.67
468,5,47.0,72,2025-11-19 16:48:00,17.7,0.0,1.57,17,0,19.27
469,1,,2,2025-01-25 16:39:00,17.26,0.0,1.53,0,0,18.79
470,4,,47,2025-08-05 17:00:00,13.46,0.0,1.19,0,0,14.65
471,5,,75,2025-11-08 13:44:00,12.54,0.0,1.11,0,0,13.65
472,4,88.0,46,2025-10-12 10:47:00,11.61,0.67,0.97,10,0,11.91
473,5,64.0,75,2025-09-10 13:37:00,30.68,0.0,2.72,30,20,33.2
474,1,,1,2025-09-16 15:59:00,17.28,0.32,1.51,0,0,18.47
475,5,,61,2025-12-24 15:28:00,28.75,0.0,2.55,0,0,31.3
476,1,,11,2025-10-04 14:50:00,20.9,0.0,1.85,0,0,22.75
477,2,197.0,28,2025-12-28 17:09:00,66.86,0.0,5.93,66,30,72.49
478,4,83.0,57,2025-05-30 10:01:00,28.35,1.51,2.38,26,0,29.22
479,3,,42,2025-03-14 19:14:00,10.93,0.0,0.97,0,0,11.9
480,2,93.0,17,2025-08-16 16:22:00,42.99,0.34,3.79,42,0,46.44
481,5,60.0,73,2025-07-13 13:31:00,64.53,0.0,5.73,64,0,70.26
482,5,190.0,62,2025-09-19 08:43:00,33.55,0.56,2.93,32,20,35.72
483,4,110.0,46,2025-09-25 17:23:00,24.19,0.0,2.15,24,20,26.14
484,4,81.0,46,2025-08-17 08:58:00,53.6,2.6,4.53,51,0,55.53
485,5,,62,2025-08-30 19:35:00,34.1,2.01,2.85,0,0,34.94
486,2,,25,2025-10-25 18:50:00,32.36,0.0,2.87,0,0,35.23
487,4,60.0,60,2025-12-26 12:36:00,19.54,0.0,1.73,19,0,21.27
488,3,120.0,41,2025-01-22 16:05:00,33.02,0.0,2.93,33,30,35.65
489,3,,31,2025-06-30 19:04:00,23.99,0.52,2.08,0,0,25.55
490,3,32.0,31,2025-10-21 18:15:00,21.65,0.0,1.92,21,30,23.27
491,2,84.0,26,2025-01-01 14:31:00,49.48,0.0,4.39,49,0,53.87
492,5,,62,2025-10-25 16:59:00,40.34,0.46,3.54,0,0,43.42
493,4,,46,2025-05-12 18:33:00,15.2,0.0,1.35,0,0,16.55
494,5,6.0,72,2025-08-24 18:16:00,17.43,0.0,1.55,17,0,18.98
495,2,110.0,29,2025-04-22 09:49:00,25.73,0.0,2.28,25,30,27.71
496,5,102.0,61,2025-07-29 17:59:00,25.26,0.3,2.22,24,0,27.18
497,2,43.0,28,2025-04-14 18:01:00,60.55,1.57,5.23,58,20,64.01
498,1,193.0,1,2025-11-21 16:35:00,89.0,0.0,7.9,89,0,96.9
499,1,9.0,1,2025-06-13 13:20:00,55.83,1.04,4.86,54,10,59.55
500,4,27.0,57,2025-09-13 19:04:00,25.05,0.0,2.22,25,0,27.27
501,5,22.0,73,2025-07-27 10:22:00,19.0,0.3,1.66,18,0,20.36
502,2,149.0,25,2025-06-05 18:41:00,10.76,0.52,0.91,10,0,11.15
503,5,48.0,73,2025-11-11 16:48:00,32.96,0.99,2.84,31,0,34.81
504,5,13.0,61,2025-08-20 12:30:00,16.16,0.0,1.43,16,0,17.59
505,1,97.0,14,2025-03-24 12:20:00,17.27,0.23,1.51,17,0,18.55
506,3,7.0,41,2025-08-31 14:35:00,42.61,0.93,3.7,41,0,45.38
507,1,107.0,12,2025-03-17 09:37:00,26.79,0.0,2.38,26,0,29.17
508,5,1.0,72,2025-10-06 19:17:00,52.57,2.69,4.43,49,10,54.21
509,3,105.0,32,2025-07-18 11:20:00,46.8,1.6,4.01,45,10,49.11
510,5,174.0,73,2025-09-14 17:49:00,28.96,0.0,2.57,28,0,31.53
511,3,,32,2025-03-23 09:12:00,35.91,1.61,3.04,0,0,37.34
512,4,,46,2025-10-28 13:56:00,31.51,0.69,2.74,0,0,33.56
513,4,63.0,60,2025-07-02 15:32:00,8.84,0.16,0.77,8,0,9.45
514,1,,11,2025-01-05 19:31:00,16.76,0.92,1.41,0,0,17.25
515,5,,75,2025-09-14 13:48:00,24.86,0.15,2.19,0,0,26.9
516,1,179.0,1,2025-07-05 16:04:00,13.07,0.0,1.16,13,0,14.23
517,4,198.0,60,2025-12-06 19:59:00,16.81,0.55,1.44,16,0,17.7
518,1,,10,2025-06-16 18:03:00,23.54,0.0,2.09,0,0,25.63
519,3,,42,2025-09-04 20:04:00,16.34,0.46,1.41,0,0,17.29
520,2,44.0,16,2025-09-02 13:29:00,65.94,0.0,5.85,65,10,71.69
521,5,146.0,72,2025-12-14 18:56:00,31.1,0.0,2.76,31,0,33.86
522,5,177.0,72,2025-09-30 08:17:00,38.2,2.33,3.18,35,0,39.05
523,2,,17,2025-09-21 16:13:00,13.87,0.0,1.23,0,0,15.1
524,1,82.0,10,2025-09-12 09:00:00,15.02,0.22,1.31,14,0,16.11
525,4,,60,2025-04-21 09:45:00,19.05,0.0,1.69,0,0,20.74
526,2,52.0,26,2025-06-29 18:44:00,75.89,0.0,6.74,75,0,82.63
527,3,,42,2025-01-15 17:35:00,13.4,0.0,1.19,0,0,14.59
528,5,,72,2025-10-03 12:18:00,18.66,0.22,1.64,0,0,20.08
529,3,197.0,43,2025-08-17 15:46:00,40.28,0.32,3.55,39,30,43.21
530,3,96.0,41,2025-03-09 18:29:00,34.98,0.77,3.04,34,0,37.25
531,5,129.0,75,2025-11-25 11:26:00,17.41,0.72,1.48,16,0,18.17
532,3,,42,2025-06-20 17:59:00,18.06,0.0,1.6,0,0,19.66
533,3,,42,2025-07-02 18:56:00,34.92,0.1,3.09,0,0,37.91
534,1,152.0,14,2025-07-10 19:54:00,40.41,1.01,3.5,39,0,42.9
535,5,20.0,62,2025-07-27 19:56:00,18.52,0.0,1.64,18,0,20.16
536,1,171.0,10,2025-07-07 09:47:00,31.71,0.0,2.81,31,0,34.52
537,2,110.0,30,2025-09-23 14:59:00,19.14,0.99,1.61,18,0,19.76
538,3,186.0,43,2025-09-07 14:14:00,28.79,0.0,2.56,28,0,31.35
539,4,,57,2025-08-12 19:45:00,34.16,0.0,3.03,0,0,37.19
540,1,34.0,12,2025-10-25 16:15:00,60.29,3.33,5.06,56,0,62.02
541,4,37.0,46,2025-07-01 12:01:00,19.19,0.0,1.7,19,0,20.89
542,1,,1,2025-02-16 12:04:00,19.29,0.48,1.67,0,0,20.48
543,2,187.0,29,2025-12-18 15:19:00,13.86,0.0,1.23,13,0,15.09
544,2,123.0,26,2025-05-22 13:02:00,36.54,0.0,3.24,36,0,39.78
545,4,134.0,46,2025-12-27 16:48:00,25.77,0.0,2.29,25,0,28.06
546,3,185.0,42,2025-02-20 18:01:00,15.06,0.0,1.34,15,0,16.4
547,3,35.0,31,2025-12-21 18:15:00,81.0,0.94,7.11,80,20,86.97
548,4,70.0,60,2025-10-23 19:30:00,26.89,0.0,2.39,26,20,29.08
549,1,,1,2025-04-27 18:39:00,26.55,1.01,2.27,0,0,27.81
550,3,,42,2025-01-19 11:59:00,18.52,0.0,1.64,0,0,20.16
551,3,151.0,42,2025-02-09 12:16:00,39.7,0.0,3.52,39,20,43.02
552,4,,60,2025-10-18 16:54:00,14.44,0.53,1.23,0,0,15.14
553,1,34.0,11,2025-04-20 13:30:00,46.77,0.65,4.09,46,0,50.21
554,3,,31,2025-01-17 18:49:00,13.54,0.5,1.16,0,0,14.2
555,3,,32,2025-05-04 12:54:00,14.46,0.26,1.26,0,0,15.46
556,3,,43,2025-09-28 19:06:00,10.11,0.25,0.88,0,0,10.74
557,1,139.0,11,2025-02-21 20:50:00,39.1,0.0,3.47,39,0,42.57
558,4,,60,2025-04-15 16:06:00,26.48,0.49,2.31,0,0,28.3
559,3,,31,2025-01-28 15:04:00,16.02,0.0,1.42,0,0,17.44
560,1,73.0,1,2025-11-24 17:07:00,30.62,0.0,2.72,30,20,33.14
561,1,152.0,14,2025-02-04 12:35:00,40.94,0.66,3.57,40,0,43.85
562,2,155.0,29,2025-01-27 18:14:00,26.48,0.49,2.31,25,0,28.3
563,2,147.0,26,2025-04-24 18:07:00,42.66,0.0,3.79,42,10,46.35
564,3,61.0,42,2025-04-20 16:55:00,9.46,0.15,0.83,9,0,10.14
565,3,51.0,42,2025-04-02 17:35:00,36.11,1.11,3.11,35,30,37.81
566,4,141.0,57,2025-09-06 18:55:00,54.09,0.0,4.8,54,0,58.89
567,4,190.0,47,2025-08-18 20:53:00,83.93,1.53,7.31,82,0,89.71
568,4,10.0,46,2025-12-19 19:49:00,21.75,0.0,1.93,21,0,23.68
569,3,68.0,32,2025-03-25 18:30:00,24.29,0.5,2.11,23,0,25.9
570,4,31.0,57,2025-11-13 19:38:00,22.56,0.0,2.0,22,0,24.56
571,3,155.0,31,2025-07-13 10:45:00,9.54,0.15,0.83,9,0,10.22
572,5,136.0,75,2025-07-28 17:19:00,39.27,0.0,3.49,39,0,42.76
573,5,,62,2025-10-25 19:32:00,18.18,0.0,1.61,0,0,19.79
574,3,185.0,43,2025-10-14 19:38:00,67.08,0.0,5.95,67,20,72.83
575,4,106.0,46,2025-09-14 15:33:00,31.15,0.0,2.76,31,30,33.61
576,4,,47,2025-04-27 17:38:00,11.6,0.0,1.03,0,0,12.63
577,3,,31,2025-05-08 19:12:00,53.13,0.0,4.72,0,0,57.85
578,3,79.0,41,2025-05-05 19:27:00,20.05,0.0,1.78,20,10,21.73
579,4,,60,2025-05-31 17:12:00,7.03,0.0,0.62,0,0,7.65
580,4,116.0,57,2025-07-18 16:11:00,22.05,0.0,1.96,22,0,24.01
581,1,169.0,1,2025-09-28 13:11:00,50.55,0.0,4.49,50,10,54.94
582,5,158.0,73,2025-12-02 14:34:00,31.24,0.0,2.77,31,10,33.91
583,2,154.0,28,2025-04-06 10:00:00,22.92,0.76,1.97,22,0,24.13
584,1,113.0,2,2025-11-01 12:52:00,29.16,0.0,2.59,29,10,31.65
585,2,142.0,26,2025-08-02 12:06:00,35.47,0.0,3.15,35,30,38.32
586,3,13.0,41,2025-06-03 11:54:00,37.76,1.01,3.26,36,0,40.01
587,1,121.0,2,2025-02-12 16:02:00,36.34,1.23,3.12,35,0,38.23
588,5,86.0,72,2025-10-18 08:27:00,33.56,1.09,2.88,32,0,35.35
589,2,,29,2025-03-25 17:22:00,39.92,1.72,3.39,0,0,41.59
590,5,94.0,75,2025-07-30 16:34:00,35.82,0.0,3.18,35,0,39.0
591,4,,57,2025-12-22 10:51:00,34.28,1.15,2.94,0,0,36.07
592,3,50.0,31,2025-02-19 19:58:00,30.5,0.0,2.71,30,30,32.91
593,2,164.0,25,2025-02-12 12:28:00,38.63,0.0,3.43,38,20,41.86
594,2,112.0,30,2025-02-09 10:01:00,30.81,0.91,2.65,29,0,32.55
595,3,99.0,32,2025-04-23 19:20:00,33.17,0.52,2.9,32,0,35.55
596,1,44.0,2,2025-07-10 14:38:00,47.99,1.08,4.16,46,0,51.07
597,5,85.0,72,2025-11-09 11:17:00,65.05,1.11,5.67,63,10,69.51
598,2,5.0,28,2025-04-20 12:15:00,16.62,0.95,1.39,15,0,17.06
599,4,109.0,47,2025-04-27 18:01:00,24.91,0.0,2.21,24,0,27.12
600,3,56.0,43,2025-10-03 19:23:00,34.23,0.0,3.04,34,0,37.27
601,5,148.0,73,2025-08-20 11:33:00,24.4,0.0,2.17,24,0,26.57
602,5,17.0,75,2025-12-08 20:05:00,12.5,0.0,1.11,12,0,13.61
603,4,44.0,57,2025-09-08 12:09:00,60.29,0.83,5.28,59,0,64.74
604,5,148.0,75,2025-08-23 19:14:00,24.14,0.0,2.14,24,0,26.28
605,5,,61,2025-10-28 17:18:00,41.03,0.0,3.64,0,0,44.67
606,3,37.0,43,2025-12-15 19:45:00,27.15,0.0,2.41,27,20,29.36
607,1,,12,2025-10-17 13:07:00,18.06,0.23,1.58,0,0,19.41
608,4,59.0,60,2025-09-08 14:50:00,9.27,0.15,0.81,9,0,9.93
609,1,141.0,2,2025-11-16 18:25:00,58.38,0.0,5.18,58,0,63.56
610,1,175.0,1,2025-01-19 11:36:00,22.41,0.0,1.99,22,0,24.4
611,5,49.0,62,2025-09-28 15:48:00,17.01,0.25,1.49,16,0,18.25
612,1,142.0,1,2025-12-27 11:35:00,32.46,0.19,2.86,32,0,35.13
613,3,,32,2025-06-09 16:22:00,14.54,0.0,1.29,0,0,15.83
614,5,101.0,72,2025-10-19 19:32:00,32.13,0.0,2.85,32,10,34.88
615,5,175.0,61,2025-07-26 09:07:00,16.94,0.0,1.5,16,0,18.44
616,4,65.0,46,2025-08-01 14:13:00,53.05,0.89,4.63,52,0,56.79
617,3,,41,2025-09-01 11:41:00,9.74,0.0,0.86,0,0,10.6
618,5,,73,2025-09-14 11:16:00,32.89,0.0,2.92,0,0,35.81
619,3,,32,2025-07-02 15:08:00,26.45,0.55,2.3,0,0,28.2
620,3,,31,2025-02-03 20:18:00,18.87,0.52,1.63,0,0,19.98
621,3,,42,2025-05-21 19:04:00,14.31,0.0,1.27,0,0,15.58
622,4,182.0,60,2025-07-16 16:04:00,21.84,0.0,1.94,21,0,23.78
623,3,30.0,42,2025-03-26 19:17:00,12.64,0.0,1.12,12,0,13.76
624,1,105.0,1,2025-07-11 17:22:00,10.08,0.61,0.84,9,0,10.31
625,4,122.0,57,2025-06-27 09:27:00,11.4,0.67,0.95,10,0,11.68
626,4,15.0,60,2025-04-19 18:59:00,45.88,0.0,4.07,45,20,49.75
627,5,,62,2025-09-02 18:09:00,30.59,0.0,2.71,0,0,33.3
628,1,12.0,2,2025-12-07 10:19:00,25.71,0.0,2.28,25,10,27.89
629,1,183.0,1,2025-02-21 15:27:00,28.19,0.47,2.46,27,30,29.88
630,3,28.0,43,2025-04-17 19:46:00,26.51,2.21,2.16,24,0,26.46
631,3,,42,2025-02-09 15:07:00,12.99,0.27,1.13,0,0,13.85
632,1,179.0,12,2025-06-22 19:16:00,19.91,0.0,1.77,19,0,21.68
633,4,103.0,46,2025-09-07 19:09:00,32.21,0.0,2.86,32,10,34.97
634,4,157.0,60,2025-11-25 17:14:00,18.15,0.0,1.61,18,0,19.76
635,5,,72,2025-09-22 13:31:00,34.52,0.0,3.06,0,0,37.58
636,5,47.0,75,2025-12-31 09:52:00,18.64,0.93,1.57,17,0,19.28
637,1,,10,2025-03-26 18:29:00,20.32,0.23,1.78,0,0,21.87
638,5,118.0,61,2025-12-21 18:36:00,15.0,0.0,1.33,15,0,16.33
639,2,16.0,26,2025-02-02 11:59:00,16.2,0.45,1.4,15,0,17.15
640,5,5.0,62,2025-09-22 19:23:00,29.55,0.0,2.62,29,0,32.17
641,1,116.0,11,2025-03-30 19:25:00,14.51,0.0,1.29,14,0,15.8
642,3,,43,2025-04-10 12:10:00,12.36,0.0,1.1,0,0,13.46
643,4,1.0,47,2025-09-20 19:34:00,28.53,0.62,2.48,27,0,30.39
644,3,,43,2025-12-02 20:03:00,26.02,0.24,2.29,0,0,28.07
645,1,,14,2025-03-09 11:43:00,18.86,0.0,1.67,0,0,20.53
646,4,80.0,60,2025-11-23 14:06:00,25.01,0.0,2.22,25,0,27.23
647,1,37.0,14,2025-08-07 20:57:00,12.01,0.19,1.05,11,0,12.87
648,3,149.0,32,2025-12-30 10:53:00,35.5,0.67,3.09,34,20,37.72
649,4,,57,2025-05-17 15:41:00,23.44,0.0,2.08,0,0,25.52
650,4,96.0,47,2025-08-29 16:42:00,25.84,0.63,2.24,25,20,27.25
651,1,,10,2025-06-28 15:18:00,10.14,0.3,0.87,0,0,10.71
652,4,,46,2025-11-19 15:42:00,17.85,0.34,1.55,0,0,19.06
653,2,177.0,28,2025-04-02 11:09:00,27.54,0.47,2.4,27,10,29.37
654,1,133.0,11,2025-06-18 11:37:00,9.34,0.33,0.8,9,0,9.81
655,2,,26,2025-06-30 15:46:00,15.19,0.0,1.35,0,0,16.54
656,4,48.0,57,2025-12-19 12:12:00,77.07,0.0,6.84,77,0,83.91
657,2,,25,2025-01-19 19:11:00,46.43,0.89,4.04,0,0,49.58
658,5,,75,2025-09-28 20:28:00,23.96,1.37,2.0,0,0,24.59
659,1,158.0,1,2025-05-04 20:00:00,31.02,0.0,2.75,31,0,33.77
660,5,62.0,62,2025-08-02 12:02:00,54.45,0.0,4.83,54,0,59.28
661,5,,61,2025-08-16 17:46:00,15.91,0.0,1.41,0,0,17.32
662,2,166.0,16,2025-01-16 08:21:00,15.72,0.0,1.4,15,0,17.12
663,1,83.0,10,2025-06-30 19:17:00,31.99,0.0,2.84,31,0,34.83
664,3,127.0,41,2025-11-30 20:29:00,34.94,0.52,3.05,34,0,37.47
665,5,,62,2025-10-23 13:02:00,16.95,0.0,1.5,0,0,18.45
666,2,,17,2025-01-07 17:30:00,22.38,0.24,1.96,0,0,24.1
667,5,,72,2025-09-20 15:14:00,15.87,0.0,1.41,0,0,17.28
668,5,179.0,73,2025-12-06 12:52:00,20.94,0.0,1.86,20,10,22.7
669,2,12.0,28,2025-12-03 12:52:00,17.08,0.0,1.52,17,0,18.6
670,3,,42,2025-06-07 15:34:00,29.7,0.0,2.64,0,0,32.34
671,5,160.0,62,2025-10-14 15:49:00,24.62,0.0,2.19,24,0,26.81
672,4,92.0,57,2025-04-24 20:54:00,32.58,0.83,2.82,31,0,34.57
673,2,65.0,16,2025-12-28 16:43:00,31.53,0.0,2.8,31,0,34.33
674,3,63.0,43,2025-05-13 12:42:00,27.78,1.88,2.3,25,0,28.2
675,2,109.0,16,2025-04-07 11:48:00,17.25,0.0,1.53,17,0,18.78
676,5,44.0,61,2025-08-30 16:54:00,41.07,0.98,3.56,40,0,43.65
677,5,,72,2025-12-25 10:11:00,5.13,0.15,0.44,0,0,5.42
678,1,,1,2025-06-19 11:29:00,16.49,0.0,1.46,0,0,17.95
679,3,,42,2025-07-07 17:50:00,16.8,0.0,1.49,0,0,18.29
680,1,7.0,10,2025-03-09 18:04:00,33.99,0.0,3.02,33,0,37.01
681,1,190.0,10,2025-05-10 16:01:00,22.94,1.46,1.91,21,0,23.39
682,2,118.0,25,2025-05-27 18:10:00,50.66,0.0,4.5,50,0,55.16
683,2,,26,2025-08-27 18:47:00,18.91,0.0,1.68,0,0,20.59
684,2,77.0,16,2025-09-04 19:41:00,20.43,0.19,1.8,20,10,21.94
685,3,4.0,42,2025-12-03 09:41:00,26.53,0.46,2.31,26,0,28.38
686,2,38.0,29,2025-10-08 08:38:00,87.31,0.0,7.75,87,0,95.06
687,3,154.0,42,2025-10-18 17:07:00,19.68,0.1,1.74,19,0,21.32
688,4,126.0,60,2025-04-19 19:02:00,28.78,1.18,2.45,27,20,29.85
689,5,,61,2025-07-12 13:44:00,34.24,0.0,3.04,0,0,37.28
690,2,19.0,16,2025-05-24 11:23:00,23.74,0.0,2.11,23,0,25.85
691,1,61.0,1,2025-04-27 13:45:00,16.34,0.57,1.4,15,0,17.17
692,1,42.0,14,2025-02-22 16:16:00,54.38,0.0,4.83,54,30,58.91
693,4,20.0,46,2025-07-06 11:03:00,22.96,0.0,2.04,22,0,25.0
694,2,161.0,30,2025-11-11 16:59:00,38.16,0.0,3.39,38,0,41.55
695,4,96.0,46,2025-10-16 13:19:00,50.76,1.94,4.33,48,30,52.85
696,5,34.0,73,2025-09-20 17:37:00,67.34,0.0,5.98,67,10,73.22
697,1,,10,2025-11-29 09:34:00,15.54,0.0,1.38,0,0,16.92
698,1,,12,2025-03-02 20:05:00,28.55,0.0,2.53,0,0,31.08
699,2,7.0,17,2025-03-12 19:13:00,44.02,2.23,3.71,41,0,45.5
700,4,,57,2025-05-14 18:15:00,8.83,0.0,0.78,0,0,9.61
701,5,157.0,61,2025-07-02 16:31:00,11.58,0.59,0.98,10,0,11.97
702,3,153.0,42,2025-02-07 12:22:00,51.06,1.15,4.43,49,10,54.24
703,1,189.0,14,2025-12-24 15:45:00,20.59,0.93,1.74,19,0,21.4
704,3,,41,2025-09-06 16:37:00,17.27,0.22,1.51,0,0,18.56
705,2,26.0,29,2025-04-06 11:08:00,15.19,0.24,1.33,14,0,16.28
706,4,96.0,46,2025-06-12 12:13:00,22.4,0.61,1.93,21,0,23.72
707,2,1.0,17,2025-02-14 08:06:00,92.78,3.65,7.91,89,0,97.04
708,2,90.0,17,2025-06-17 11:26:00,56.15,0.0,4.98,56,0,61.13
709,3,30.0,42,2025-07-20 13:24:00,13.49,0.0,1.2,13,0,14.69
710,3,86.0,31,2025-11-23 19:03:00,42.99,0.0,3.82,42,10,46.71
711,2,,28,2025-06-13 11:47:00,19.61,0.0,1.74,0,0,21.35
712,3,,32,2025-04-29 15:18:00,18.58,0.0,1.65,0,0,20.23
713,2,,29,2025-06-09 08:04:00,12.35,0.67,1.04,0,0,12.72
714,4,86.0,60,2025-07-13 17:24:00,36.63,0.0,3.25,36,20,39.68
715,2,125.0,29,2025-06-29 15:24:00,56.87,0.99,4.96,55,0,60.84
716,2,,30,2025-12-17 16:17:00,30.01,0.0,2.66,0,0,32.67
717,4,100.0,60,2025-08-31 18:01:00,15.03,0.0,1.33,15,0,16.36
718,1,,12,2025-12-20 10:51:00,18.78,0.0,1.67,0,0,20.45
719,2,,16,2025-12-20 20:51:00,23.95,0.33,2.1,0,0,25.72
720,5,,62,2025-12-20 17:09:00,13.23,0.0,1.17,0,0,14.4
721,5,2.0,73,2025-09-01 18:12:00,42.72,0.0,3.79,42,20,46.31
722,2,84.0,25,2025-10-02 18:12:00,36.3,0.0,3.22,36,10,39.42
723,4,111.0,60,2025-10-11 20:39:00,36.82,0.0,3.27,36,0,40.09
724,2,70.0,25,2025-04-04 09:21:00,21.38,0.36,1.87,21,0,22.89
725,3,,31,2025-06-19 16:36:00,18.51,0.0,1.64,0,0,20.15
726,5,19.0,75,2025-08-15 19:43:00,13.85,0.0,1.23,13,0,15.08
727,5,90.0,72,2025-10-14 18:02:00,85.7,4.98,7.16,80,0,87.88
728,2,,16,2025-12-07 15:56:00,26.27,0.0,2.33,0,0,28.6
729,3,63.0,31,2025-03-31 14:34:00,48.07,0.0,4.27,48,0,52.34
730,4,48.0,57,2025-12-19 12:59:00,46.17,0.0,4.1,46,0,50.27
731,5,22.0,61,2025-12-04 12:37:00,21.81,0.0,1.94,21,30,23.45
732,2,,28,2025-08-04 08:48:00,14.78,0.0,1.31,0,0,16.09
733,3,4.0,31,2025-09-21 09:12:00,17.85,0.0,1.58,17,0,19.43
734,1,54.0,14,2025-03-02 18:08:00,29.25,0.0,2.6,29,0,31.85
735,2,54.0,30,2025-01-25 15:40:00,35.49,0.72,3.09,34,30,37.56
736,4,49.0,46,2025-11-04 19:24:00,37.13,0.0,3.3,37,0,40.43
737,1,,1,2025-05-22 16:06:00,23.3,0.0,2.07,0,0,25.37
738,1,187.0,2,2025-03-02 10:17:00,32.85,0.0,2.92,32,0,35.77
739,4,116.0,47,2025-10-23 19:21:00,28.01,0.0,2.49,28,20,30.3
740,5,131.0,62,2025-07-31 20:11:00,25.56,0.0,2.27,25,10,27.73
741,4,7.0,47,2025-11-14 13:25:00,23.13,0.78,1.98,22,20,24.13
742,2,186.0,16,2025-10-17 15:57:00,59.1,0.0,5.25,59,30,64.05
743,1,,1,2025-10-04 16:30:00,8.55,0.2,0.74,0,0,9.09
744,3,,43,2025-09-06 18:33:00,16.08,0.0,1.43,0,0,17.51
745,2,181.0,17,2025-11-23 18:56:00,13.6,0.0,1.21,13,0,14.81
746,1,63.0,12,2025-07-21 10:35:00,55.01,1.03,4.79,53,0,58.77
747,1,,12,2025-03-09 15:08:00,30.87,0.0,2.74,0,0,33.61
748,5,19.0,73,2025-08-12 17:46:00,19.43,0.0,1.72,19,0,21.15
749,4,106.0,60,2025-05-02 18:02:00,22.77,0.0,2.02,22,0,24.79
750,4,143.0,60,2025-11-09 18:05:00,32.36,1.05,2.78,31,30,33.79
751,2,52.0,26,2025-10-11 19:51:00,37.95,0.0,3.37,37,0,41.32
752,1,146.0,14,2025-10-20 16:01:00,20.42,0.36,1.78,20,30,21.54
753,4,97.0,60,2025-12-29 13:48:00,18.96,0.0,1.68,18,0,20.64
754,2,152.0,26,2025-03-02 16:18:00,15.53,0.0,1.38,15,0,16.91
755,3,97.0,31,2025-12-06 10:20:00,18.66,0.0,1.66,18,0,20.32
756,3,2.0,42,2025-01-31 15:56:00,48.75,0.72,4.26,48,10,52.19
757,2,149.0,17,2025-05-11 14:25:00,52.38,0.0,4.65,52,20,56.83
758,3,,42,2025-03-01 15:14:00,22.99,0.0,2.04,0,0,25.03
759,5,172.0,75,2025-09-10 09:46:00,42.44,0.0,3.77,42,0,46.21
760,1,101.0,11,2025-09-25 17:54:00,35.1,0.0,3.12,35,0,38.22
761,4,,46,2025-08-14 14:11:00,15.64,0.0,1.39,0,0,17.03
762,1,,14,2025-01-25 18:16:00,38.77,1.01,3.35,0,0,41.11
763,5,190.0,75,2025-07-25 16:54:00,27.73,0.22,2.44,27,30,29.65
764,4,,60,2025-09-07 15:33:00,18.61,0.67,1.59,0,0,19.53
765,2,73.0,16,2025-09-27 12:43:00,50.91,0.0,4.52,50,20,55.23
766,1,172.0,1,2025-09-19 17:26:00,56.54,0.0,5.02,56,0,61.56
767,2,,29,2025-01-09 19:23:00,24.4,0.0,2.17,0,0,26.57
768,4,47.0,60,2025-11-27 15:29:00,16.78,0.0,1.49,16,0,18.27
769,5,,72,2025-12-05 13:10:00,15.3,0.0,1.36,0,0,16.66
770,3,,32,2025-10-12 18:11:00,11.64,0.0,1.03,0,0,12.67
771,3,95.0,42,2025-04-07 17:55:00,42.34,0.0,3.76,42,0,46.1
772,5,86.0,61,2025-07-05 10:32:00,25.55,0.42,2.23,25,0,27.36
773,4,,47,2025-11-19 16:46:00,41.82,0.0,3.71,0,0,45.53
774,1,53.0,2,2025-04-02 18:46:00,18.48,0.0,1.64,18,0,20.12
775,5,9.0,61,2025-09-28 19:43:00,12.68,0.0,1.13,12,0,13.81
776,4,85.0,57,2025-12-30 13:53:00,29.95,1.07,2.56,28,0,31.44
777,3,45.0,32,2025-08-14 19:05:00,40.8,0.89,3.54,39,20,43.25
778,1,,12,2025-08-13 16:34:00,12.69,0.0,1.13,0,0,13.82
779,1,144.0,12,2025-12-25 12:08:00,18.79,0.0,1.67,18,0,20.46
780,3,,42,2025-05-11 12:46:00,41.42,0.0,3.68,0,0,45.1
781,1,,2,2025-02-03 18:48:00,23.16,0.24,2.03,0,0,24.95
782,5,,72,2025-12-31 10:49:00,26.73,0.0,2.37,0,0,29.1
783,3,7.0,41,2025-11-22 19:37:00,29.05,0.0,2.58,29,20,31.43
784,1,3.0,1,2025-10-19 10:44:00,58.28,0.0,5.17,58,0,63.45
785,3,181.0,42,2025-07-04 18:46:00,40.96,0.28,3.61,40,0,44.29
786,5,166.0,73,2025-12-20 19:08:00,34.59,0.58,3.02,34,0,37.03
787,5,,61,2025-07-15 17:40:00,28.73,0.31,2.52,0,0,30.94
788,4,140.0,60,2025-06-28 16:53:00,46.52,2.22,3.93,44,0,48.23
789,1,31.0,12,2025-02-23 20:38:00,16.43,0.0,1.46,16,0,17.89
790,4,19.0,46,2025-05-20 12:16:00,33.41,0.76,2.9,32,0,35.55
791,5,119.0,72,2025-11-11 19:53:00,24.76,0.83,2.12,23,0,26.05
792,3,87.0,43,2025-01-23 18:50:00,32.66,0.31,2.87,32,0,35.22
793,4,,46,2025-08-30 10:49:00,31.19,0.0,2.77,0,0,33.96
794,5,,73,2025-12-23 20:33:00,29.05,0.72,2.51,0,0,30.84
795,5,150.0,75,2025-09-08 15:24:00,22.34,0.0,1.98,22,0,24.32
796,1,,1,2025-06-21 13:11:00,39.43,0.0,3.5,0,0,42.93
797,4,154.0,60,2025-06-18 14:27:00,12.89,0.56,1.09,12,0,13.42
798,4,45.0,57,2025-08-21 19:33:00,18.44,0.0,1.64,18,0,20.08
799,5,154.0,61,2025-08-25 20:50:00,24.17,0.0,2.15,24,0,26.32
800,3,178.0,41,2025-06-25 12:47:00,71.12,0.56,6.26,70,10,76.72
801,5,193.0,61,2025-07-27 09:03:00,28.55,0.0,2.53,28,0,31.08
802,1,97.0,11,2025-05-20 18:36:00,20.96,0.0,1.86,20,30,22.52
803,4,138.0,57,2025-04-27 13:16:00,17.62,1.0,1.48,16,0,18.1
804,4,168.0,46,2025-05-25 18:49:00,33.39,0.24,2.94,33,0,36.09
805,4,125.0,47,2025-11-17 19:48:00,25.2,0.72,2.17,24,20,26.45
806,4,,46,2025-10-26 17:05:00,48.05,0.0,4.26,0,0,52.31
807,5,158.0,75,2025-08-27 16:09:00,41.03,0.0,3.64,41,20,44.47
808,2,167.0,30,2025-02-10 08:11:00,17.61,0.0,1.56,17,0,19.17
809,5,,72,2025-07-21 19:18:00,19.9,0.55,1.72,0,0,21.07
810,4,11.0,57,2025-11-09 15:39:00,25.85,0.0,2.29,25,0,28.14
811,4,101.0,57,2025-12-30 15:41:00,36.49,3.0,2.97,33,20,36.26
812,3,,43,2025-10-11 13:33:00,41.95,0.0,3.72,0,0,45.67
813,4,,60,2025-07-08 17:57:00,20.43,0.0,1.81,0,0,22.24
814,5,,61,2025-07-27 19:52:00,21.58,0.0,1.92,0,0,23.5
815,1,184.0,10,2025-05-10 15:39:00,35.91,1.41,3.06,34,0,37.56
816,3,,41,2025-01-26 18:37:00,29.22,0.0,2.59,0,0,31.81
817,4,171.0,46,2025-09-06 11:36:00,76.4,0.0,6.78,76,20,82.98
818,3,,43,2025-06-10 10:35:00,12.94,0.0,1.15,0,0,14.09
819,3,52.0,42,2025-06-17 17:20:00,54.21,0.49,4.77,53,0,58.49
820,4,71.0,57,2025-12-28 18:34:00,13.56,0.0,1.2,13,0,14.76
821,1,,11,2025-08-09 18:40:00,14.06,0.0,1.25,0,0,15.31
822,5,6.0,73,2025-12-10 19:42:00,39.39,1.65,3.35,37,30,40.79
823,5,,75,2025-09-22 14:03:00,13.86,0.31,1.2,0,0,14.75
824,1,52.0,14,2025-12-26 14:52:00,69.43,0.0,6.16,69,0,75.59
825,5,166.0,72,2025-12-10 09:05:00,51.34,0.96,4.47,50,0,54.85
826,2,58.0,30,2025-08-16 19:12:00,30.97,0.0,2.75,30,0,33.72
827,5,90.0,62,2025-12-24 17:40:00,40.51,0.93,3.51,39,20,42.89
828,2,48.0,30,2025-01-06 16:45:00,15.08,0.52,1.29,14,0,15.85
829,5,,61,2025-12-14 18:42:00,32.33,0.75,2.8,0,0,34.38
830,1,,2,2025-02-22 08:46:00,23.12,1.34,1.93,0,0,23.71
831,4,181.0,57,2025-08-17 14:49:00,20.04,0.22,1.76,19,0,21.58
832,4,52.0,60,2025-04-16 20:12:00,48.87,0.0,4.34,48,0,53.21
833,3,,43,2025-02-16 11:45:00,14.64,0.0,1.3,0,0,15.94
834,5,20.0,62,2025-08-09 19:00:00,42.43,0.0,3.77,42,0,46.2
835,2,48.0,25,2025-12-31 19:24:00,21.75,0.0,1.93,21,0,23.68
836,1,27.0,2,2025-10-08 12:31:00,28.8,0.0,2.56,28,30,31.06
837,3,178.0,42,2025-12-25 14:18:00,17.64,0.0,1.57,17,0,19.21
838,2,13.0,28,2025-08-10 18:55:00,23.71,0.0,2.1,23,0,25.81
839,3,32.0,31,2025-07-18 20:28:00,47.5,0.0,4.22,47,0,51.72
840,2,44.0,30,2025-04-05 10:47:00,28.56,0.0,2.53,28,0,31.09
841,5,48.0,61,2025-11-06 11:56:00,16.96,0.31,1.48,16,0,18.13
842,3,79.0,32,2025-11-06 16:59:00,25.62,0.0,2.27,25,0,27.89
843,5,,72,2025-08-03 16:50:00,25.58,0.22,2.25,0,0,27.61
844,4,182.0,47,2025-09-23 12:15:00,25.63,0.0,2.27,25,0,27.9
845,5,,72,2025-12-08 11:26:00,21.25,0.7,1.82,0,0,22.37
846,1,,1,2025-03-29 18:31:00,15.73,0.0,1.4,0,0,17.13
847,5,26.0,73,2025-10-22 18:30:00,18.05,0.26,1.58,17,0,19.37
848,4,45.0,60,2025-07-29 20:23:00,35.88,0.0,3.18,35,0,39.06
849,4,56.0,47,2025-07-21 11:20:00,20.96,0.75,1.79,20,0,22.0
850,4,,47,2025-05-03 14:00:00,18.31,0.0,1.63,0,0,19.94
851,4,172.0,47,2025-09-05 15:46:00,19.82,0.0,1.76,19,0,21.58
852,1,103.0,11,2025-09-01 20:25:00,19.0,0.0,1.69,19,0,20.69
853,5,185.0,72,2025-11-23 20:15:00,21.15,0.46,1.84,20,0,22.53
854,3,48.0,42,2025-08-22 13:57:00,25.18,0.0,2.23,25,0,27.41
855,5,,73,2025-12-09 18:42:00,18.01,0.42,1.56,0,0,19.15
856,5,,61,2025-09-22 18:32:00,17.99,0.0,1.6,0,0,19.59
857,5,120.0,73,2025-11-02 13:35:00,15.95,0.72,1.35,15,0,16.58
858,4,135.0,47,2025-10-04 13:44:00,24.41,0.0,2.17,24,0,26.58
859,4,131.0,47,2025-05-04 20:30:00,16.07,0.0,1.43,16,0,17.5
860,2,86.0,16,2025-10-15 17:49:00,32.04,0.0,2.84,32,0,34.88
861,1,166.0,2,2025-08-18 18:31:00,29.72,1.0,2.55,28,20,31.07
862,3,,42,2025-03-10 17:31:00,29.72,0.23,2.62,0,0,32.11
863,4,144.0,60,2025-05-22 19:50:00,22.78,0.0,2.02,22,10,24.7
864,4,190.0,60,2025-07-06 16:23:00,34.86,3.02,2.83,31,10,34.57
865,1,,1,2025-04-12 09:48:00,57.63,0.0,5.11,0,0,62.74
866,5,5.0,62,2025-09-13 17:10:00,41.66,0.77,3.63,40,0,44.52
867,2,74.0,25,2025-07-23 18:59:00,18.09,0.0,1.61,18,0,19.7
868,3,120.0,32,2025-06-29 14:11:00,13.03,0.0,1.16,13,0,14.19
869,4,84.0,57,2025-09-30 11:53:00,29.83,0.0,2.65,29,0,32.48
870,5,,62,2025-12-12 12:59:00,13.43,0.0,1.19,0,0,14.62
871,1,33.0,11,2025-06-01 13:48:00,23.68,0.0,2.1,23,0,25.78
872,2,,30,2025-12-28 16:24:00,23.93,0.0,2.12,0,0,26.05
873,1,40.0,14,2025-08-04 15:33:00,8.46,0.37,0.72,8,0,8.81
874,4,,46,2025-10-15 10:06:00,19.09,0.0,1.69,0,0,20.78
875,3,,43,2025-06-05 14:33:00,16.75,0.0,1.49,0,0,18.24
876,2,142.0,16,2025-05-25 19:52:00,11.55,0.0,1.03,11,0,12.58
877,2,184.0,29,2025-01-04 13:52:00,28.45,0.0,2.52,28,30,30.67
878,4,13.0,47,2025-12-16 10:33:00,34.09,0.0,3.03,34,0,37.12
879,5,,62,2025-09-03 12:53:00,32.1,0.0,2.85,0,0,34.95
880,3,81.0,43,2025-06-07 10:06:00,37.42,0.0,3.32,37,0,40.74
881,2,195.0,30,2025-03-08 17:06:00,84.02,0.0,7.46,84,0,91.48
882,2,53.0,17,2025-06-09 19:44:00,13.2,0.0,1.17,13,0,14.37
883,5,,73,2025-12-01 13:02:00,11.98,0.0,1.06,0,0,13.04
884,4,133.0,46,2025-05-28 14:33:00,21.07,0.0,1.87,21,0,22.94
885,3,84.0,42,2025-02-07 18:08:00,38.92,0.0,3.45,38,30,42.07
886,2,,30,2025-07-12 16:10:00,16.99,0.94,1.42,0,0,17.47
887,5,,61,2025-12-22 16:26:00,19.18,0.0,1.7,0,0,20.88
888,1,88.0,11,2025-05-03 18:28:00,30.47,0.89,2.63,29,20,32.01
889,2,,30,2025-11-19 11:21:00,22.89,0.0,2.03,0,0,24.92
890,5,126.0,73,2025-12-15 13:50:00,30.13,1.25,2.56,28,10,31.34
891,5,98.0,62,2025-11-29 19:05:00,14.96,0.3,1.3,14,0,15.96
892,5,183.0,72,2025-09-21 13:02:00,24.39,0.0,2.16,24,0,26.55
893,1,16.0,10,2025-04-26 17:08:00,30.23,0.0,2.68,30,0,32.91
894,4,102.0,60,2025-11-22 20:13:00,44.99,0.0,3.99,44,0,48.98
895,1,155.0,14,2025-05-09 09:43:00,8.87,0.0,0.79,8,0,9.66
896,1,163.0,14,2025-04-26 19:09:00,14.3,0.0,1.27,14,0,15.57
897,3,169.0,43,2025-11-16 20:46:00,22.83,0.0,2.03,22,30,24.56
898,5,147.0,75,2025-11-01 11:58:00,40.61,0.67,3.54,39,0,43.48
899,3,33.0,31,2025-03-31 20:51:00,19.19,0.0,1.7,19,0,20.89
900,5,44.0,73,2025-11-20 12:40:00,44.81,0.0,3.98,44,0,48.79
901,2,60.0,25,2025-02-07 14:16:00,41.38,1.65,3.53,39,0,43.26
902,3,137.0,32,2025-03-30 16:33:00,26.11,1.17,2.21,24,0,27.15
903,4,136.0,46,2025-10-09 11:16:00,47.55,0.0,4.22,47,0,51.77
904,4,159.0,60,2025-07-19 17:20:00,13.64,0.0,1.21,13,0,14.85
905,1,,1,2025-02-06 19:24:00,27.15,0.0,2.41,0,0,29.56
906,5,59.0,61,2025-10-15 18:07:00,47.35,0.35,4.17,47,0,51.17
907,4,191.0,47,2025-05-28 15:59:00,21.6,0.91,1.84,20,30,22.23
908,3,,42,2025-08-12 12:20:00,17.76,0.0,1.58,0,0,19.34
909,2,,26,2025-03-01 20:47:00,22.62,0.3,1.98,0,0,24.3
910,3,162.0,31,2025-03-18 10:40:00,64.78,0.0,5.75,64,10,70.43
911,2,,17,2025-07-27 11:41:00,22.44,0.0,1.99,0,0,24.43
912,3,,43,2025-12-22 18:13:00,18.7,0.0,1.66,0,0,20.36
913,2,136.0,16,2025-12-14 13:14:00,33.48,0.0,2.97,33,0,36.45
914,1,74.0,14,2025-05-28 12:51:00,32.94,0.0,2.92,32,0,35.86
915,5,117.0,73,2025-10-05 18:28:00,13.93,0.0,1.24,13,0,15.17
916,1,178.0,2,2025-08-03 15:29:00,40.71,1.16,3.51,39,20,42.86
917,4,103.0,57,2025-12-13 18:37:00,39.18,0.0,3.48,39,0,42.66
918,5,36.0,61,2025-12-24 16:50:00,26.2,0.58,2.27,25,0,27.89
919,3,28.0,42,2025-10-04 18:16:00,32.55,0.0,2.89,32,0,35.44
920,4,145.0,60,2025-08-22 19:55:00,19.35,0.0,1.72,19,0,21.07
921,4,,47,2025-07-14 12:42:00,23.64,0.76,2.03,0,0,24.91
922,3,28.0,42,2025-03-23 17:01:00,25.76,0.1,2.28,25,0,27.94
923,2,179.0,25,2025-04-25 19:20:00,25.39,0.0,2.25,25,0,27.64
924,1,172.0,14,2025-01-27 19:01:00,30.6,0.0,2.72,30,20,33.12
925,4,,46,2025-10-04 11:47:00,15.79,0.0,1.4,0,0,17.19
926,3,147.0,42,2025-01-25 13:03:00,27.1,0.0,2.41,27,0,29.51
927,4,66.0,46,2025-06-02 08:31:00,87.26,0.0,7.74,87,0,95.0
928,1,44.0,11,2025-12-23 11:13:00,49.7,0.0,4.41,49,20,53.91
929,1,,1,2025-11-21 20:29:00,15.6,0.47,1.34,0,0,16.47
930,4,,46,2025-05-18 10:07:00,16.18,0.3,1.41,0,0,17.29
931,1,28.0,12,2025-06-01 11:08:00,20.14,0.0,1.79,20,20,21.73
932,4,,57,2025-10-08 20:12:00,10.54,0.0,0.94,0,0,11.48
933,5,94.0,62,2025-11-22 12:13:00,28.99,0.0,2.57,28,10,31.46
934,3,,41,2025-09-09 15:49:00,14.22,0.0,1.26,0,0,15.48
935,3,7.0,32,2025-03-10 18:43:00,35.72,0.07,3.16,35,30,38.51
936,3,,43,2025-07-23 19:42:00,14.22,0.0,1.26,0,0,15.48
937,2,177.0,25,2025-02-22 17:44:00,44.53,0.0,3.95,44,0,48.48
938,5,161.0,75,2025-12-31 14:51:00,15.32,0.0,1.36,15,0,16.68
939,5,116.0,72,2025-11-15 17:52:00,36.82,0.0,3.27,36,30,39.79
940,1,121.0,11,2025-02-08 20:35:00,57.57,3.25,4.82,54,0,59.14
941,2,,30,2025-05-18 13:54:00,21.55,0.0,1.91,0,0,23.46
942,1,,1,2025-12-14 19:09:00,27.23,0.46,2.38,0,0,29.15
943,5,56.0,72,2025-12-21 15:31:00,35.06,1.05,3.02,34,0,37.03
944,2,20.0,16,2025-03-05 17:27:00,53.5,0.0,4.75,53,30,57.95
945,5,194.0,72,2025-07-05 12:21:00,39.81,0.0,3.53,39,0,43.34
946,2,,16,2025-12-19 11:14:00,28.51,0.27,2.51,0,0,30.75
947,4,90.0,60,2025-12-02 09:31:00,45.24,0.0,4.02,45,0,49.26
948,3,120.0,42,2025-10-18 15:23:00,28.01,0.0,2.49,28,10,30.4
949,3,58.0,41,2025-09-15 20:16:00,30.45,1.35,2.58,29,0,31.68
950,3,25.0,41,2025-02-23 19:35:00,40.18,0.0,3.57,40,0,43.75
951,1,101.0,12,2025-02-15 18:14:00,58.43,3.35,4.89,55,0,59.97
952,1,153.0,11,2025-05-31 18:34:00,36.92,1.61,3.13,35,10,38.34
953,1,177.0,1,2025-02-08 18:55:00,26.9,0.0,2.39,26,0,29.29
954,4,28.0,57,2025-12-27 18:28:00,31.61,0.0,2.81,31,0,34.42
955,1,170.0,1,2025-01-22 18:23:00,48.78,0.0,4.33,48,0,53.11
956,5,25.0,61,2025-12-25 16:01:00,42.84,0.0,3.8,42,20,46.44
957,1,,2,2025-06-14 14:28:00,8.48,0.0,0.75,0,0,9.23
958,3,1.0,32,2025-06-19 12:12:00,30.1,0.0,2.67,30,0,32.77
959,5,122.0,62,2025-12-01 18:53:00,53.56,0.0,4.75,53,0,58.31
960,3,149.0,41,2025-06-06 19:53:00,36.47,1.28,3.12,35,0,38.31
961,1,101.0,10,2025-11-16 08:06:00,46.78,0.0,4.15,46,10,50.83
962,2,,30,2025-05-04 17:03:00,22.92,0.0,2.03,0,0,24.95
963,3,,31,2025-07-09 15:01:00,11.25,0.0,1.0,0,0,12.25
964,4,,46,2025-06-21 12:04:00,13.65,0.0,1.21,0,0,14.86
965,5,159.0,73,2025-10-18 18:20:00,21.48,0.5,1.86,20,0,22.84
966,2,,26,2025-12-31 10:16:00,37.94,0.0,3.37,0,0,41.31
967,4,170.0,57,2025-08-25 19:59:00,22.13,0.0,1.96,22,0,24.09
968,5,34.0,72,2025-11-28 16:29:00,31.78,0.0,2.82,31,30,34.3
969,4,95.0,60,2025-10-14 19:26:00,47.42,0.44,4.17,46,0,51.15
970,5,93.0,72,2025-12-25 11:36:00,19.1,0.0,1.7,19,0,20.8
971,2,141.0,25,2025-03-30 11:38:00,20.23,0.0,1.8,20,0,22.03
972,2,16.0,28,2025-08-02 10:10:00,13.44,0.0,1.19,13,0,14.63
973,5,32.0,72,2025-12-08 20:29:00,45.09,0.0,4.0,45,0,49.09
974,5,48.0,61,2025-10-12 11:40:00,29.29,0.39,2.56,28,20,31.26
975,5,,73,2025-10-30 10:51:00,39.56,0.0,3.51,0,0,43.07
976,1,145.0,2,2025-05-19 18:28:00,37.67,0.0,3.34,37,10,40.91
977,5,156.0,72,2025-12-16 10:40:00,49.0,2.58,4.12,46,0,50.54
978,4,16.0,46,2025-06-28 17:59:00,41.13,0.0,3.65,41,0,44.78
979,3,85.0,42,2025-04-19 16:32:00,64.35,2.8,5.46,61,30,66.71
980,4,,57,2025-06-13 20:28:00,28.95,0.0,2.57,0,0,31.52
981,5,124.0,75,2025-10-12 09:20:00,24.64,0.0,2.19,24,30,26.53
982,3,,41,2025-02-18 19:36:00,26.46,0.0,2.35,0,0,28.81
983,1,48.0,14,2025-08-11 10:57:00,39.47,3.28,3.21,36,0,39.4
984,3,155.0,31,2025-11-04 13:09:00,29.12,0.0,2.58,29,20,31.5
985,3,,42,2025-10-12 17:42:00,21.04,0.5,1.82,0,0,22.36
986,4,35.0,57,2025-06-22 17:27:00,18.25,0.0,1.62,18,0,19.87
987,1,139.0,1,2025-06-10 16:43:00,35.9,0.19,3.17,35,0,38.88
988,5,24.0,61,2025-11-10 16:37:00,25.68,0.0,2.28,25,0,27.96
989,5,28.0,62,2025-12-01 17:59:00,72.2,3.4,6.11,68,0,74.91
990,3,193.0,32,2025-09-02 19:59:00,31.0,0.0,2.75,31,0,33.75
991,4,1.0,46,2025-04-17 15:35:00,11.24,0.43,0.96,10,0,11.77
992,2,,25,2025-05-25 11:48:00,18.56,0.0,1.65,0,0,20.21
993,2,172.0,25,2025-08-24 13:17:00,37.31,0.0,3.31,37,0,40.62
994,3,29.0,42,2025-07-26 16:25:00,24.32,0.0,2.16,24,0,26.48
995,3,126.0,43,2025-12-29 18:39:00,19.5,0.68,1.67,18,0,20.49
996,5,,75,2025-07-19 10:37:00,26.9,0.0,2.39,0,0,29.29
997,5,123.0,75,2025-12-31 12:52:00,21.48,0.0,1.91,21,10,23.29
998,5,2.0,62,2025-11-15 10:11:00,34.08,0.0,3.02,34,0,37.1
999,5,83.0,73,2025-07-09 12:58:00,51.96,0.0,4.61,51,0,56.57
1000,1,42.0,14,2025-12-04 13:27:00,81.68,1.69,7.1,79,30,86.79
